date,entry_date,dir,entry_tag,entry_sig_t,entry_fill_t,exit_sig_t,exit_fill_t,qty,buy_px,sell_px,reason,gross,fees,net,overnight
2020-07-31,2020-07-31,倒T,open_dao,1020,1025,1050,1055,200,77.3700,78.8200,TP,290.0000,18.1944,271.8056,False
2020-08-03,2020-08-03,倒T,open_dao,1110,1115,1325,1330,200,85.8500,87.7800,TP,386.0000,19.1253,366.8747,False
2020-08-05,2020-08-05,正T,open_zheng,955,1000,1450,1455,200,83.1200,83.1800,EOD,12.0000,18.6506,-6.6506,False
2020-08-24,2020-08-24,倒T,open_dao,1330,1335,1450,1455,200,71.9900,72.5700,EOD,116.0000,17.5461,98.4539,False
2020-08-26,2020-08-26,正T,open_zheng,1305,1310,1310,1315,200,69.4800,68.9500,STOP,-106.0000,17.1719,-123.1719,False
2020-08-27,2020-08-27,倒T,open_dao,1050,1055,1055,1100,200,66.6700,66.1700,STOP,-100.0000,16.8827,-116.8827,False
2020-09-03,2020-09-03,倒T,open_dao,1035,1040,1045,1050,200,64.9200,64.5300,STOP,-78.0000,16.7119,-94.7119,False
2020-09-04,2020-09-04,倒T,open_dao,950,955,955,1000,200,67.4100,66.3800,STOP,-206.0000,16.9056,-222.9056,False
2020-09-07,2020-09-07,倒T,open_dao,945,950,1000,1005,200,60.5800,61.9400,TP,272.0000,16.4390,255.5610,False
2020-09-07,2020-09-07,正T,open_zheng,1025,1030,1410,1415,200,59.6000,59.1900,STOP,-82.0000,16.1566,-98.1566,False
2020-09-11,2020-09-11,倒T,open_dao,1340,1345,1420,1425,200,55.4100,54.8700,STOP,-108.0000,15.7076,-123.7076,False
2020-09-15,2020-09-15,倒T,open_dao,1120,1125,1125,1130,200,56.1900,55.4900,STOP,-140.0000,15.7724,-155.7724,False
2020-09-17,2020-09-17,倒T,open_dao,1000,1005,1035,1040,200,57.7500,57.2600,STOP,-98.0000,15.9560,-113.9560,False
2020-10-12,2020-10-12,倒T,open_dao,945,950,1000,1005,200,53.7700,52.7000,STOP,-214.0000,15.4829,-229.4829,False
2020-10-13,2020-10-13,倒T,open_dao,1325,1330,1450,1455,200,57.3700,57.7000,EOD,66.0000,16.0001,49.9999,False
2020-10-15,2020-10-15,倒T,open_dao,945,950,950,955,200,59.8000,58.3400,STOP,-292.0000,16.0703,-308.0703,False
2020-10-16,2020-10-16,正T,open_zheng,955,1000,1045,1050,200,57.8300,58.6400,TP,162.0000,16.0969,145.9031,False
2020-10-19,2020-10-19,倒T,open_dao,1110,1115,1450,1455,200,60.0800,60.6200,EOD,108.0000,16.3034,91.6966,False
2020-10-21,2020-10-21,正T,open_zheng,1310,1315,1450,1455,200,57.3400,57.7900,EOD,90.0000,16.0093,73.9907,False
2020-10-30,2020-10-30,倒T,open_dao,1115,1120,1125,1130,200,64.1100,63.4100,STOP,-140.0000,16.5960,-156.5960,False
2020-11-02,2020-11-02,正T,open_zheng,1015,1020,1125,1130,200,60.6400,61.6700,TP,206.0000,16.4116,189.5884,False
2020-11-02,2020-11-02,倒T,open_dao,1320,1325,1450,1455,200,62.7600,62.7900,EOD,6.0000,16.5301,-10.5301,False
2020-11-04,2020-11-04,正T,open_zheng,1345,1350,1450,1455,200,62.6300,62.9700,EOD,68.0000,16.5482,51.4518,False
2020-11-09,2020-11-09,倒T,open_dao,1015,1020,1405,1410,200,67.6600,69.0300,TP,274.0000,17.1764,256.8236,False
2020-11-11,2020-11-11,正T,open_zheng,950,955,1055,1100,200,62.9200,62.0000,STOP,-184.0000,16.4498,-200.4498,False
2020-11-23,2020-11-23,倒T,open_dao,1345,1350,1450,1455,200,60.8100,61.4300,EOD,124.0000,16.3875,107.6125,False
2020-11-30,2020-11-30,倒T,open_dao,1000,1005,1005,1010,200,59.1900,58.8700,STOP,-64.0000,16.1231,-80.1231,False
2020-12-02,2020-12-02,倒T,open_dao,1315,1320,1450,1455,200,60.8800,61.0800,EOD,40.0000,16.3519,23.6481,False
2020-12-04,2020-12-04,正T,open_zheng,1010,1015,1310,1315,200,57.7700,58.6400,TP,174.0000,16.0968,157.9032,False
2020-12-11,2020-12-11,正T,open_zheng,1425,1430,1450,1455,200,60.2900,60.9700,EOD,136.0000,16.3395,119.6605,False
2020-12-15,2020-12-15,正T,open_zheng,1045,1050,1115,1120,200,59.2300,58.4900,STOP,-148.0000,16.0844,-164.0844,False
2020-12-16,2020-12-16,倒T,open_dao,1330,1335,1350,1355,200,55.3500,55.0200,STOP,-66.0000,15.7227,-81.7227,False
2020-12-17,2020-12-17,倒T,open_dao,1320,1325,1325,1330,200,56.2400,55.7200,STOP,-104.0000,15.7959,-119.7959,False
2020-12-21,2020-12-21,倒T,open_dao,955,1000,1005,1010,200,55.3600,54.8900,STOP,-94.0000,15.7095,-109.7095,False
2020-12-23,2020-12-23,倒T,open_dao,1325,1330,1450,1455,200,55.1500,55.4100,EOD,52.0000,15.7621,36.2379,False
2020-12-30,2020-12-30,倒T,open_dao,1305,1310,1310,1315,200,54.1700,53.8200,STOP,-70.0000,15.5980,-85.5980,False
2020-12-31,2020-12-31,倒T,open_dao,945,950,1000,1005,200,57.5300,58.0000,TP,94.0000,16.0311,77.9689,False
2021-01-04,2021-01-04,倒T,open_dao,1100,1105,1450,1455,200,58.3000,58.7300,EOD,86.0000,16.1071,69.8929,False
2021-01-06,2021-01-06,倒T,open_dao,945,950,950,955,200,61.5200,60.5700,STOP,-190.0000,16.3012,-206.3012,False
2021-01-07,2021-01-07,正T,open_zheng,1030,1035,1400,1405,200,58.9200,58.2100,STOP,-142.0000,16.0553,-158.0553,False
2021-01-08,2021-01-08,倒T,open_dao,1105,1110,1400,1405,200,60.6100,61.7400,TP,226.0000,16.4187,209.5813,False
2021-01-11,2021-01-11,正T,open_zheng,1405,1410,1450,1455,200,62.3500,63.0100,EOD,132.0000,16.5517,115.4483,False
2021-01-14,2021-01-14,倒T,open_dao,1110,1115,1305,1310,200,65.4300,64.8700,STOP,-112.0000,16.7476,-128.7476,False
2021-01-15,2021-01-15,正T,open_zheng,1110,1115,1130,1305,200,62.9500,62.1900,STOP,-152.0000,16.4693,-168.4693,False
2021-01-22,2021-01-22,正T,open_zheng,1355,1400,1450,1455,200,57.1300,57.1000,EOD,-6.0000,15.9385,-21.9385,False
2021-01-25,2021-01-25,倒T,open_dao,1000,1005,1020,1025,200,58.2600,57.8500,STOP,-82.0000,16.0172,-98.0172,False
2021-02-18,2021-02-18,倒T,open_dao,1000,1005,1005,1010,200,57.0600,56.6200,STOP,-88.0000,15.8894,-103.8894,False
2021-02-22,2021-02-22,倒T,open_dao,1010,1015,1045,1050,200,59.0200,59.6700,TP,130.0000,16.2044,113.7956,False
2021-02-22,2021-02-22,正T,open_zheng,1355,1400,1430,1435,200,58.0600,57.4500,STOP,-122.0000,15.9760,-137.9760,False
2021-03-01,2021-03-01,倒T,open_dao,1320,1325,1450,1455,200,57.5300,57.2400,EOD,-58.0000,15.9535,-73.9535,False
2021-03-02,2021-03-02,正T,open_zheng,1055,1100,1400,1405,200,58.4900,58.0100,STOP,-96.0000,16.0340,-112.0340,False
2021-03-04,2021-03-04,正T,open_zheng,1325,1330,1450,1455,200,59.7000,59.0300,EOD,-134.0000,16.1405,-150.1405,False
2021-03-08,2021-03-08,正T,open_zheng,1425,1430,1440,1445,200,57.1100,56.7300,STOP,-76.0000,15.9007,-91.9007,False
2021-03-09,2021-03-09,正T,open_zheng,1000,1005,1015,1020,200,53.8600,55.1500,TP,258.0000,15.7330,242.2670,False
2021-03-09,2021-03-09,倒T,open_dao,1315,1320,1420,1425,200,55.1300,56.1800,TP,210.0000,15.8406,194.1594,False
2021-03-11,2021-03-11,倒T,open_dao,1305,1310,1450,1455,200,57.6700,58.4600,EOD,158.0000,16.0783,141.9217,False
2021-03-23,2021-03-23,正T,open_zheng,1420,1425,1425,1430,200,55.2500,54.9800,STOP,-54.0000,15.7185,-69.7185,False
2021-03-25,2021-03-25,正T,open_zheng,1425,1430,1450,1455,200,53.2700,53.1100,EOD,-32.0000,15.5238,-47.5238,False
2021-03-29,2021-03-29,倒T,open_dao,1040,1045,1310,1315,200,54.4900,55.1800,TP,138.0000,15.7373,122.2627,False
2021-04-02,2021-04-02,倒T,open_dao,945,950,1450,1455,200,58.8200,58.9400,EOD,24.0000,16.1295,7.8705,False
2021-04-15,2021-04-15,倒T,open_dao,1340,1345,1355,1400,200,57.2500,56.8200,STOP,-86.0000,15.9101,-101.9101,False
2021-04-26,2021-04-26,倒T,open_dao,1055,1100,1340,1345,200,55.4400,56.0900,TP,130.0000,15.8321,114.1679,False
2021-05-10,2021-05-10,倒T,open_dao,1110,1115,1320,1325,200,53.4900,53.9700,TP,96.0000,15.6119,80.3881,False
2021-05-12,2021-05-12,倒T,open_dao,1305,1310,1310,1315,200,55.2300,54.9700,STOP,-52.0000,15.7174,-67.7174,False
2021-05-13,2021-05-13,倒T,open_dao,1105,1110,1350,1355,200,55.2600,55.8400,TP,116.0000,15.8062,100.1938,False
2021-05-14,2021-05-14,正T,open_zheng,945,950,1450,1455,200,55.8800,55.8700,EOD,-2.0000,15.8105,-17.8105,False
2021-05-24,2021-05-24,倒T,open_dao,1425,1430,1435,1440,200,54.9500,54.7500,STOP,-40.0000,15.6944,-55.6944,False
2021-05-27,2021-05-27,倒T,open_dao,950,955,1010,1015,200,56.5000,56.0800,STOP,-84.0000,15.8332,-99.8332,False
2021-06-04,2021-06-04,倒T,open_dao,1320,1325,1410,1415,200,55.1900,55.8200,TP,126.0000,15.8040,110.1960,False
2021-06-17,2021-06-17,倒T,open_dao,1310,1315,1315,1320,200,57.0400,56.4700,STOP,-114.0000,15.8740,-129.8740,False
2021-06-23,2021-06-23,倒T,open_dao,1005,1010,1035,1040,200,59.0100,58.7200,STOP,-58.0000,16.1075,-74.1075,False
2021-06-25,2021-06-25,倒T,open_dao,1000,1005,1020,1025,200,59.1400,59.8300,TP,138.0000,16.2209,121.7791,False
2021-06-30,2021-06-30,倒T,open_dao,1000,1005,1005,1010,200,62.1100,60.9900,STOP,-224.0000,16.3452,-240.3452,False
2021-07-12,2021-07-12,倒T,open_dao,1305,1310,1450,1455,200,56.7300,57.2100,EOD,96.0000,15.9489,80.0511,False
2021-07-16,2021-07-16,正T,open_zheng,945,950,1035,1040,200,54.6600,54.3800,STOP,-56.0000,15.6561,-71.6561,False
2021-07-19,2021-07-19,正T,open_zheng,1005,1010,1345,1350,200,52.0700,51.7700,STOP,-60.0000,15.3847,-75.3847,False
2021-07-20,2021-07-20,倒T,open_dao,1025,1030,1030,1035,200,52.0500,51.8000,STOP,-50.0000,15.3877,-65.3877,False
2021-07-21,2021-07-21,倒T,open_dao,1120,1125,1315,1320,200,52.8700,52.6300,STOP,-48.0000,15.4740,-63.4740,False
2021-07-26,2021-07-26,正T,open_zheng,1325,1330,1330,1335,200,51.6200,51.3700,STOP,-50.0000,15.3430,-65.3430,False
2021-07-27,2021-07-27,倒T,open_dao,945,950,950,955,200,60.7300,59.8500,STOP,-176.0000,16.2262,-192.2262,False
2021-07-28,2021-07-28,正T,open_zheng,945,950,955,1000,200,59.4100,61.2400,TP,366.0000,16.3653,349.6347,False
2021-07-28,2021-07-28,正T,open_zheng,1325,1330,1450,1455,200,58.8900,58.6400,EOD,-50.0000,16.0991,-66.0991,False
2021-07-29,2021-07-29,倒T,open_dao,1320,1325,1325,1330,200,63.5100,62.6200,STOP,-178.0000,16.5143,-194.5143,False
2021-08-02,2021-08-02,正T,open_zheng,1310,1315,1450,1455,200,65.8100,67.7600,EOD,390.0000,17.0431,372.9569,False
2021-08-06,2021-08-06,正T,open_zheng,1030,1035,1450,1455,200,68.4300,67.8100,EOD,-124.0000,17.0535,-141.0535,False
2021-08-19,2021-08-19,倒T,open_dao,1125,1130,1450,1455,200,59.1300,59.3700,EOD,48.0000,16.1740,31.8260,False
2021-08-24,2021-08-24,倒T,open_dao,1045,1050,1405,1410,200,60.0900,60.7500,TP,132.0000,16.3167,115.6833,False
2021-08-30,2021-08-30,正T,open_zheng,1355,1400,1450,1455,200,58.1600,57.9400,EOD,-44.0000,16.0262,-60.0262,False
2021-08-31,2021-08-31,正T,open_zheng,1015,1020,1105,1110,200,55.9100,55.5200,STOP,-78.0000,15.7749,-93.7749,False
2021-09-01,2021-09-01,倒T,open_dao,1310,1315,1450,1455,200,56.0100,56.0900,EOD,16.0000,15.8332,0.1668,False
2021-09-03,2021-09-03,倒T,open_dao,1125,1130,1305,1310,200,57.7100,56.6300,STOP,-216.0000,15.8917,-231.8917,False
2021-09-10,2021-09-10,倒T,open_dao,1045,1050,1110,1115,200,58.5300,58.0100,STOP,-104.0000,16.0341,-120.0341,False
2021-09-14,2021-09-14,正T,open_zheng,1415,1420,1450,1455,200,57.3200,57.1900,EOD,-26.0000,15.9480,-41.9480,False
2021-09-22,2021-09-22,倒T,open_dao,1030,1035,1115,1120,200,55.5700,56.1600,TP,118.0000,15.8395,102.1605,False
2021-09-24,2021-09-24,正T,open_zheng,1400,1405,1425,1430,200,54.4300,54.1200,STOP,-62.0000,15.6291,-77.6291,False
2021-09-27,2021-09-27,正T,open_zheng,1115,1120,1450,1455,200,54.5000,54.6500,EOD,30.0000,15.6833,14.3167,False
2021-09-29,2021-09-29,倒T,open_dao,1130,1305,1330,1335,200,55.8400,55.4600,STOP,-76.0000,15.7686,-91.7686,False
2021-10-15,2021-10-15,倒T,open_dao,1025,1030,1415,1420,200,54.9200,55.2700,TP,70.0000,15.7474,54.2526,False
2021-10-22,2021-10-22,倒T,open_dao,955,1000,1000,1005,200,56.0300,55.4900,STOP,-108.0000,15.7720,-123.7720,False
2021-11-02,2021-11-02,倒T,open_dao,945,950,1035,1040,200,56.5300,56.8600,TP,66.0000,15.9128,50.0872,False
2021-11-02,2021-11-02,正T,open_zheng,1320,1325,1400,1405,200,56.1100,55.6700,STOP,-88.0000,15.7906,-103.7906,False
2021-11-03,2021-11-03,倒T,open_dao,1305,1310,1445,1450,200,57.1500,56.6200,STOP,-106.0000,15.8895,-121.8895,False
2021-11-09,2021-11-09,倒T,open_dao,1315,1320,1325,1330,200,58.5900,58.2700,STOP,-64.0000,16.0607,-80.0607,False
2021-11-11,2021-11-11,倒T,open_dao,1130,1305,1330,1335,200,58.7600,60.0500,TP,258.0000,16.2426,241.7574,False
2021-11-11,2021-11-11,正T,open_zheng,1335,1340,1450,1455,200,58.0400,58.0100,EOD,-6.0000,16.0331,-22.0331,False
2021-11-26,2021-11-26,正T,open_zheng,1050,1055,1450,1455,200,54.2000,54.2200,EOD,4.0000,15.6388,-11.6388,False
2021-11-29,2021-11-29,倒T,open_dao,1005,1010,1110,1115,200,54.6500,54.4400,STOP,-42.0000,15.6622,-57.6622,False
2021-12-09,2021-12-09,倒T,open_dao,1315,1320,1450,1455,200,54.9400,55.0000,EOD,12.0000,15.7199,-3.7199,False
2021-12-10,2021-12-10,倒T,open_dao,1020,1025,1045,1050,200,55.7000,55.4700,STOP,-46.0000,15.7693,-61.7693,False
2021-12-15,2021-12-15,正T,open_zheng,1350,1355,1435,1440,200,54.3300,54.0500,STOP,-56.0000,15.6218,-71.6218,False
2022-01-25,2022-01-25,正T,open_zheng,1020,1025,1320,1325,200,50.4200,50.2600,STOP,-32.0000,15.2274,-47.2274,False
2022-01-28,2022-01-28,倒T,open_dao,1335,1340,1440,1445,200,49.2800,49.8500,TP,114.0000,15.1833,98.8167,False
2022-02-09,2022-02-09,倒T,open_dao,1330,1335,1450,1455,200,51.0900,51.1700,EOD,16.0000,15.3215,0.6785,False
2022-02-11,2022-02-11,正T,open_zheng,1015,1020,1420,1425,200,51.7700,51.6100,STOP,-32.0000,15.3678,-47.3678,False
2022-02-23,2022-02-23,倒T,open_dao,1005,1010,1025,1030,200,51.4000,51.1900,STOP,-42.0000,15.3242,-57.3242,False
2022-02-24,2022-02-24,正T,open_zheng,1125,1130,1305,1310,200,50.9400,50.4700,STOP,-94.0000,15.2498,-109.2498,False
2022-02-25,2022-02-25,正T,open_zheng,1410,1415,1450,1455,200,50.6000,50.7300,EOD,26.0000,15.2757,10.7243,False
2022-03-04,2022-03-04,正T,open_zheng,1425,1430,1440,1445,200,50.7400,50.5700,STOP,-34.0000,15.2596,-49.2596,False
2022-03-08,2022-03-08,正T,open_zheng,1115,1120,1125,1130,200,49.2100,49.0100,STOP,-40.0000,15.0974,-55.0974,False
2022-03-09,2022-03-09,倒T,open_dao,945,950,1010,1015,200,50.3800,50.9600,TP,116.0000,15.2987,100.7013,False
2022-03-09,2022-03-09,正T,open_zheng,1310,1315,1335,1340,200,50.0100,49.7600,STOP,-50.0000,15.1755,-65.1755,False
2022-03-11,2022-03-11,倒T,open_dao,1430,1435,1450,1455,200,49.7800,49.9400,EOD,32.0000,15.1934,16.8066,False
2022-03-16,2022-03-16,正T,open_zheng,1105,1110,1305,1310,200,44.6800,45.3300,TP,130.0000,14.7130,115.2870,False
2022-03-16,2022-03-16,倒T,open_dao,1330,1335,1420,1425,200,46.4500,46.0900,STOP,-72.0000,14.7941,-86.7941,False
2022-03-23,2022-03-23,倒T,open_dao,1310,1315,1405,1410,200,47.5100,48.1100,TP,120.0000,15.0022,104.9978,False
2022-04-08,2022-04-08,正T,open_zheng,1015,1020,1020,1025,200,44.6600,44.5200,STOP,-28.0000,14.6304,-42.6304,False
2022-04-11,2022-04-11,正T,open_zheng,1025,1030,1035,1040,200,43.6400,43.2300,STOP,-82.0000,14.4967,-96.4967,False
2022-04-12,2022-04-12,倒T,open_dao,1315,1320,1320,1325,200,43.8600,43.3300,STOP,-106.0000,14.5074,-120.5074,False
2022-04-21,2022-04-21,正T,open_zheng,1410,1415,1415,1420,200,42.2900,42.0300,STOP,-52.0000,14.3716,-66.3716,False
2022-04-25,2022-04-25,正T,open_zheng,1335,1340,1340,1345,200,39.9700,39.7500,STOP,-44.0000,14.1344,-58.1344,False
2022-04-26,2022-04-26,正T,open_zheng,1405,1410,1415,1420,200,38.5400,38.1000,STOP,-88.0000,13.9633,-101.9633,False
2022-04-27,2022-04-27,倒T,open_dao,1310,1315,1330,1335,200,38.6500,38.3300,STOP,-64.0000,13.9870,-77.9870,False
2022-04-29,2022-04-29,倒T,open_dao,1320,1325,1450,1455,200,39.8000,39.8300,EOD,6.0000,14.1423,-8.1423,False
2022-05-11,2022-05-11,倒T,open_dao,1000,1005,1055,1100,200,42.6200,42.3400,STOP,-56.0000,14.4039,-70.4039,False
2022-05-24,2022-05-24,正T,open_zheng,1130,1305,1320,1325,200,42.5300,42.3500,STOP,-36.0000,14.4048,-50.4048,False
2022-05-27,2022-05-27,正T,open_zheng,1415,1420,1450,1455,200,41.9200,42.0200,EOD,20.0000,14.3699,5.6301,False
2022-06-02,2022-06-02,倒T,open_dao,1020,1025,1325,1330,200,43.4900,43.2700,STOP,-44.0000,14.5005,-58.5005,False
2022-06-06,2022-06-06,倒T,open_dao,945,950,1105,1110,200,45.0100,45.3100,TP,60.0000,14.7116,45.2884,False
2022-06-06,2022-06-06,倒T,open_dao,1400,1405,1450,1455,200,45.6600,45.6900,EOD,6.0000,14.7517,-8.7517,False
2022-06-08,2022-06-08,正T,open_zheng,1130,1305,1415,1420,200,44.4100,44.8900,TP,96.0000,14.6676,81.3324,False
2022-06-10,2022-06-10,倒T,open_dao,1415,1420,1450,1455,200,45.4300,45.3400,EOD,-18.0000,14.7155,-32.7155,False
2022-06-16,2022-06-16,正T,open_zheng,1410,1415,1450,1455,200,44.7700,44.9000,EOD,26.0000,14.6693,11.3307,False
2022-06-28,2022-06-28,倒T,open_dao,1405,1410,1450,1455,200,46.1200,46.1200,EOD,0.0000,14.7965,-14.7965,False
2022-07-06,2022-07-06,正T,open_zheng,1410,1415,1450,1455,200,43.5400,43.5600,EOD,4.0000,14.5302,-10.5302,False
2022-07-18,2022-07-18,倒T,open_dao,1305,1310,1310,1315,200,42.1300,41.7600,STOP,-74.0000,14.3438,-88.3438,False
2022-07-22,2022-07-22,正T,open_zheng,1335,1340,1355,1400,200,41.4100,41.2300,STOP,-36.0000,14.2883,-50.2883,False
2022-07-29,2022-07-29,正T,open_zheng,1305,1310,1450,1455,200,40.1300,40.0700,EOD,-12.0000,14.1674,-26.1674,False
2022-08-02,2022-08-02,正T,open_zheng,950,955,1000,1005,200,38.9600,39.2700,TP,62.0000,14.0835,47.9165,False
2022-08-02,2022-08-02,正T,open_zheng,1045,1050,1055,1100,200,38.8000,38.6300,STOP,-34.0000,14.0179,-48.0179,False
2022-08-03,2022-08-03,倒T,open_dao,1125,1130,1130,1305,200,41.4400,39.9600,STOP,-296.0000,14.1588,-310.1588,False
2022-08-04,2022-08-04,倒T,open_dao,1035,1040,1315,1320,200,42.2400,42.6900,TP,90.0000,14.4389,75.5611,False
2022-08-05,2022-08-05,倒T,open_dao,1050,1055,1115,1120,200,43.8800,43.4100,STOP,-94.0000,14.5156,-108.5156,False
2022-08-19,2022-08-19,正T,open_zheng,1420,1425,1450,1455,200,41.0900,40.9900,EOD,-20.0000,14.2632,-34.2632,False
2022-08-22,2022-08-22,倒T,open_dao,1125,1130,1450,1455,200,41.2000,41.1600,EOD,-8.0000,14.2807,-22.2807,False
2022-08-24,2022-08-24,正T,open_zheng,1040,1045,1420,1425,200,39.8700,39.7100,STOP,-32.0000,14.1302,-46.1302,False
2022-09-19,2022-09-19,倒T,open_dao,950,955,1015,1020,200,38.4400,38.7500,TP,62.0000,14.0294,47.9706,False
2022-09-19,2022-09-19,倒T,open_dao,1055,1100,1355,1400,200,38.4700,38.8900,TP,84.0000,14.0437,69.9563,False
2022-09-27,2022-09-27,倒T,open_dao,1415,1420,1450,1455,200,38.3000,38.3100,EOD,2.0000,13.9842,-11.9842,False
2022-09-29,2022-09-29,正T,open_zheng,1415,1420,1450,1455,200,37.6300,37.6000,EOD,-6.0000,13.9105,-19.9105,False
2022-10-10,2022-10-10,倒T,open_dao,955,1000,1025,1030,200,38.1800,38.4900,TP,62.0000,14.0023,47.9977,False
2022-10-10,2022-10-10,正T,open_zheng,1335,1340,1450,1455,200,37.8000,37.7900,EOD,-2.0000,13.9302,-15.9302,False
2022-10-11,2022-10-11,正T,open_zheng,945,950,950,955,200,36.9300,36.4900,STOP,-88.0000,13.7958,-101.7958,False
2022-10-14,2022-10-14,倒T,open_dao,1105,1110,1450,1455,200,37.8900,38.0900,EOD,40.0000,13.9610,26.0390,False
2022-10-20,2022-10-20,倒T,open_dao,1045,1050,1050,1055,200,38.6500,38.4800,STOP,-34.0000,14.0023,-48.0023,False
2022-10-24,2022-10-24,正T,open_zheng,1320,1325,1410,1415,200,37.9200,37.7200,STOP,-40.0000,13.9233,-53.9233,False
2022-10-25,2022-10-25,倒T,open_dao,1125,1130,1445,1450,200,37.7200,38.1800,TP,92.0000,13.9698,78.0302,False
2022-10-26,2022-10-26,倒T,open_dao,1120,1125,1125,1130,200,39.5400,38.9200,STOP,-124.0000,14.0489,-138.0489,False
2022-10-27,2022-10-27,倒T,open_dao,1345,1350,1350,1355,200,41.4400,40.7000,STOP,-148.0000,14.2343,-162.2343,False
2022-11-10,2022-11-10,正T,open_zheng,1125,1130,1130,1305,200,40.6900,40.4000,STOP,-58.0000,14.2022,-72.2022,False
2022-11-15,2022-11-15,倒T,open_dao,1110,1115,1125,1130,200,42.8100,42.6100,STOP,-40.0000,14.4318,-54.4318,False
2022-11-29,2022-11-29,倒T,open_dao,1045,1050,1130,1305,200,41.1600,40.8400,STOP,-64.0000,14.2480,-78.2480,False
2022-12-01,2022-12-01,正T,open_zheng,1410,1415,1450,1455,200,40.8800,40.9500,EOD,14.0000,14.2587,-0.2587,False
2022-12-06,2022-12-06,倒T,open_dao,1050,1055,1305,1310,200,41.9600,42.2700,TP,62.0000,14.3955,47.6045,False
2022-12-14,2022-12-14,正T,open_zheng,950,955,1450,1455,200,42.7200,42.6500,EOD,-14.0000,14.4357,-28.4357,False
2022-12-19,2022-12-19,正T,open_zheng,1325,1330,1415,1420,200,42.0700,41.8500,STOP,-44.0000,14.3528,-58.3528,False
2022-12-21,2022-12-21,正T,open_zheng,1330,1335,1450,1455,200,41.1800,41.3200,EOD,28.0000,14.2970,13.7030,False
2023-02-01,2023-02-01,倒T,open_dao,1105,1110,1330,1335,200,42.9900,42.6800,STOP,-62.0000,14.4393,-76.4393,False
2023-02-02,2023-02-02,倒T,open_dao,1305,1310,1355,1400,200,43.5300,43.9300,TP,80.0000,14.5679,65.4321,False
2023-02-16,2023-02-16,正T,open_zheng,1415,1420,1425,1430,200,42.5200,42.2700,STOP,-50.0000,14.3966,-64.3966,False
2023-03-03,2023-03-03,倒T,open_dao,945,950,1025,1030,200,43.2300,43.7600,TP,106.0000,14.5500,91.4500,False
2023-03-06,2023-03-06,倒T,open_dao,1320,1325,1325,1330,200,43.7100,43.5400,STOP,-34.0000,14.5285,-48.5285,False
2023-03-07,2023-03-07,正T,open_zheng,1350,1355,1415,1420,200,42.9200,42.7800,STOP,-28.0000,14.4494,-42.4494,False
2023-03-09,2023-03-09,倒T,open_dao,1000,1005,1040,1045,200,43.4900,43.8000,TP,62.0000,14.5546,47.4454,False
2023-03-10,2023-03-10,倒T,open_dao,1025,1030,1100,1105,200,43.6400,43.4500,STOP,-38.0000,14.5192,-52.5192,False
2023-03-13,2023-03-13,倒T,open_dao,1410,1415,1415,1420,200,43.6800,43.4800,STOP,-40.0000,14.5223,-54.5223,False
2023-03-14,2023-03-14,倒T,open_dao,950,955,955,1000,200,45.9400,45.0000,STOP,-188.0000,14.6819,-202.6819,False
2023-03-15,2023-03-15,倒T,open_dao,945,950,955,1000,200,50.5900,49.6600,STOP,-186.0000,15.1665,-201.1665,False
2023-03-17,2023-03-17,倒T,open_dao,1110,1115,1120,1125,200,52.1600,51.7300,STOP,-86.0000,15.3808,-101.3808,False
2023-03-23,2023-03-23,正T,open_zheng,1010,1015,1315,1320,200,50.9000,51.9000,TP,200.0000,15.3956,184.6044,False
2023-04-03,2023-04-03,倒T,open_dao,1325,1330,1330,1335,200,53.4100,52.5900,STOP,-164.0000,15.4710,-179.4710,False
2023-04-04,2023-04-04,倒T,open_dao,1005,1010,1010,1015,200,57.1100,56.3700,STOP,-148.0000,15.8640,-163.8640,False
2023-04-06,2023-04-06,倒T,open_dao,1010,1015,1030,1035,200,60.9600,60.4100,STOP,-110.0000,16.2837,-126.2837,False
2023-04-07,2023-04-07,正T,open_zheng,1110,1115,1335,1340,200,58.1800,59.6000,TP,284.0000,16.1956,267.8044,False
2023-04-10,2023-04-10,倒T,open_dao,1015,1020,1050,1055,200,61.3900,63.3400,TP,390.0000,16.5835,373.4165,False
2023-04-11,2023-04-11,正T,open_zheng,1310,1315,1450,1455,200,57.3600,57.9600,EOD,120.0000,16.0266,103.9734,False
2023-04-14,2023-04-14,倒T,open_dao,1110,1115,1305,1310,200,62.2600,60.5400,STOP,-344.0000,16.2996,-360.2996,False
2023-04-19,2023-04-19,倒T,open_dao,1130,1305,1305,1310,200,63.8500,63.2900,STOP,-112.0000,16.5833,-128.5833,False
2023-04-21,2023-04-21,正T,open_zheng,1130,1305,1450,1455,200,62.9700,62.9900,EOD,4.0000,16.5509,-12.5509,False
2023-04-24,2023-04-24,倒T,open_dao,1115,1120,1415,1420,200,62.3200,64.4300,TP,422.0000,16.6965,405.3035,False
2023-04-26,2023-04-26,正T,open_zheng,1035,1040,1330,1335,200,57.4000,58.8400,TP,288.0000,16.1165,271.8835,False
2023-05-09,2023-05-09,正T,open_zheng,1030,1035,1105,1110,200,56.0400,55.0200,STOP,-204.0000,15.7241,-219.7241,False
2023-05-12,2023-05-12,正T,open_zheng,1035,1040,1305,1310,200,54.3700,53.8600,STOP,-102.0000,15.6025,-117.6025,False
2023-05-15,2023-05-15,倒T,open_dao,1400,1405,1450,1455,200,54.7000,54.9700,EOD,54.0000,15.7163,38.2837,False
2023-05-24,2023-05-24,正T,open_zheng,1010,1015,1035,1040,200,48.8200,49.9500,TP,226.0000,15.1925,210.8075,False
2023-06-06,2023-06-06,正T,open_zheng,1420,1425,1450,1455,200,53.9800,54.1700,EOD,38.0000,15.6333,22.3667,False
2023-06-13,2023-06-13,倒T,open_dao,1315,1320,1435,1440,200,55.7900,55.3400,STOP,-90.0000,15.7563,-105.7563,False
2023-06-20,2023-06-20,正T,open_zheng,1330,1335,1340,1345,200,53.3000,52.8700,STOP,-86.0000,15.4993,-101.4993,False
2023-06-21,2023-06-21,正T,open_zheng,1010,1015,1035,1040,200,50.3000,51.2400,TP,188.0000,15.3271,172.6729,False
2023-06-26,2023-06-26,倒T,open_dao,1115,1120,1450,1455,200,50.9700,51.2100,EOD,48.0000,15.3254,32.6746,False
2023-07-04,2023-07-04,倒T,open_dao,1125,1130,1400,1405,200,51.3600,51.9400,TP,116.0000,15.4006,100.5994,False
2023-07-12,2023-07-12,正T,open_zheng,1310,1315,1320,1325,200,49.1700,48.9400,STOP,-46.0000,15.0902,-61.0902,False
2023-07-18,2023-07-18,倒T,open_dao,1000,1005,1040,1045,200,50.0200,50.4700,TP,90.0000,15.2480,74.7520,False
2023-07-28,2023-07-28,倒T,open_dao,1105,1110,1305,1310,200,50.0800,49.8900,STOP,-38.0000,15.1889,-53.1889,False
2023-08-07,2023-08-07,正T,open_zheng,955,1000,1005,1010,200,50.0600,49.6000,STOP,-92.0000,15.1593,-107.1593,False
2023-08-11,2023-08-11,正T,open_zheng,1050,1055,1115,1120,200,47.6600,47.1900,STOP,-94.0000,14.9087,-108.9087,False
2023-08-17,2023-08-17,倒T,open_dao,1100,1105,1305,1310,200,48.1700,47.9800,STOP,-38.0000,14.9903,-52.9903,False
2023-08-28,2023-08-28,正T,open_zheng,955,1000,1025,1030,200,49.4400,48.9200,STOP,-104.0000,15.0887,-119.0887,False
2023-08-29,2023-08-29,倒T,open_dao,1305,1310,1335,1340,200,50.8500,50.4400,STOP,-82.0000,15.2466,-97.2466,False
2023-08-30,2023-08-30,正T,open_zheng,1035,1040,1055,1100,200,52.9700,52.4300,STOP,-108.0000,15.4538,-123.4538,False
2023-09-05,2023-09-05,倒T,open_dao,1005,1010,1045,1050,200,57.6000,58.4600,TP,172.0000,16.0781,155.9219,False
2023-09-05,2023-09-05,正T,open_zheng,1315,1320,1355,1400,200,56.5900,56.0500,STOP,-108.0000,15.8303,-123.8303,False
2023-09-07,2023-09-07,正T,open_zheng,1355,1400,1445,1450,200,52.7300,52.2400,STOP,-98.0000,15.4339,-113.4339,False
2023-09-15,2023-09-15,倒T,open_dao,1030,1035,1340,1345,200,51.8200,52.3200,TP,100.0000,15.4403,84.5597,False
2023-09-18,2023-09-18,正T,open_zheng,1315,1320,1320,1325,200,49.1600,48.7700,STOP,-78.0000,15.0729,-93.0729,False
2023-09-22,2023-09-22,倒T,open_dao,1405,1410,1450,1455,200,51.2400,51.0500,EOD,-38.0000,15.3096,-53.3096,False
2023-10-13,2023-10-13,倒T,open_dao,1015,1020,1330,1335,200,54.8500,55.5400,TP,138.0000,15.7748,122.2252,False
2023-10-17,2023-10-17,倒T,open_dao,1115,1120,1120,1125,200,54.9200,54.1800,STOP,-148.0000,15.6362,-163.6362,False
2023-10-18,2023-10-18,正T,open_zheng,1035,1040,1450,1455,200,54.8300,54.6800,EOD,-30.0000,15.6870,-45.6870,False
2023-10-19,2023-10-19,倒T,open_dao,1345,1350,1410,1415,200,56.0900,57.1900,TP,220.0000,15.9456,204.0544,False
2023-10-24,2023-10-24,正T,open_zheng,945,950,950,955,200,54.6000,53.8500,STOP,-150.0000,15.6019,-165.6019,False
2023-11-02,2023-11-02,正T,open_zheng,1340,1345,1450,1455,200,57.3600,57.3700,EOD,2.0000,15.9665,-13.9665,False
2023-11-08,2023-11-08,倒T,open_dao,1035,1040,1115,1120,200,59.2800,58.7400,STOP,-108.0000,16.1100,-124.1100,False
2023-11-10,2023-11-10,正T,open_zheng,1325,1330,1450,1455,200,54.3700,54.3900,EOD,4.0000,15.6565,-11.6565,False
2023-11-23,2023-11-23,倒T,open_dao,1410,1415,1450,1455,200,53.3900,53.3400,EOD,-10.0000,15.5475,-25.5475,False
2023-11-24,2023-11-24,倒T,open_dao,1400,1405,1450,1455,200,54.1000,54.1500,EOD,10.0000,15.6315,-5.6315,False
2023-12-01,2023-12-01,倒T,open_dao,1350,1355,1400,1405,200,54.5000,54.0600,STOP,-88.0000,15.6231,-103.6231,False
2023-12-04,2023-12-04,正T,open_zheng,1015,1020,1340,1345,200,53.2400,53.6300,TP,78.0000,15.5767,62.4233,False
2023-12-08,2023-12-08,正T,open_zheng,1050,1055,1125,1130,200,51.3400,51.8900,TP,110.0000,15.3955,94.6045,False
2023-12-11,2023-12-11,倒T,open_dao,1420,1425,1450,1455,200,53.1200,53.1900,EOD,14.0000,15.5316,-1.5316,False
2023-12-21,2023-12-21,正T,open_zheng,1015,1020,1020,1025,200,53.6700,53.4500,STOP,-44.0000,15.5592,-59.5592,False
2023-12-25,2023-12-25,正T,open_zheng,1350,1355,1405,1410,200,53.3300,52.8500,STOP,-96.0000,15.4974,-111.4974,False
2023-12-28,2023-12-28,倒T,open_dao,1340,1345,1450,1455,200,53.1200,53.2900,EOD,34.0000,15.5418,18.4582,False
2024-01-05,2024-01-05,正T,open_zheng,1340,1345,1355,1400,200,51.4700,51.1700,STOP,-60.0000,15.3223,-75.3223,False
2024-01-08,2024-01-08,正T,open_zheng,1000,1005,1030,1035,200,49.6300,49.4100,STOP,-44.0000,15.1391,-59.1391,False
2024-01-09,2024-01-09,正T,open_zheng,1325,1330,1450,1455,200,48.1500,48.4000,EOD,50.0000,15.0331,34.9669,False
2024-01-12,2024-01-12,正T,open_zheng,1400,1405,1450,1455,200,45.9800,45.9000,EOD,-16.0000,14.7738,-30.7738,False
2024-01-24,2024-01-24,倒T,open_dao,1430,1435,1450,1455,200,45.4400,45.3100,EOD,-26.0000,14.7125,-40.7125,False
2024-01-25,2024-01-25,倒T,open_dao,1420,1425,1450,1455,200,47.0700,47.2700,EOD,40.0000,14.9157,25.0843,False
2024-01-29,2024-01-29,正T,open_zheng,1045,1050,1450,1455,200,45.2600,45.6100,EOD,70.0000,14.7427,55.2573,False
2024-01-30,2024-01-30,正T,open_zheng,1045,1050,1450,1455,200,43.3600,43.1600,EOD,-40.0000,14.4890,-54.4890,False
2024-01-31,2024-01-31,倒T,open_dao,1105,1110,1305,1310,200,44.0000,43.4400,STOP,-112.0000,14.5189,-126.5189,False
2024-02-01,2024-02-01,倒T,open_dao,1025,1030,1325,1330,200,43.0400,43.9500,TP,182.0000,14.5690,167.4310,False
2024-02-02,2024-02-02,正T,open_zheng,1420,1425,1440,1445,200,40.8300,42.5000,TP,334.0000,14.4167,319.5833,False
2024-02-05,2024-02-05,倒T,open_dao,1320,1325,1335,1340,200,43.2800,42.6400,STOP,-128.0000,14.4358,-142.4358,False
2024-02-26,2024-02-26,倒T,open_dao,1335,1340,1450,1455,200,44.9400,45.4200,EOD,96.0000,14.7227,81.2773,False
2024-02-27,2024-02-27,倒T,open_dao,1125,1130,1130,1305,200,46.3100,45.7900,STOP,-104.0000,14.7632,-118.7632,False
2024-02-28,2024-02-28,正T,open_zheng,1110,1115,1120,1125,200,46.6900,46.2900,STOP,-80.0000,14.8150,-94.8150,False
2024-02-29,2024-02-29,倒T,open_dao,1000,1005,1005,1010,200,47.6800,47.2100,STOP,-94.0000,14.9108,-108.9108,False
2024-03-07,2024-03-07,正T,open_zheng,1430,1435,1450,1455,200,46.9200,47.0700,EOD,30.0000,14.8950,15.1050,False
2024-03-11,2024-03-11,倒T,open_dao,1325,1330,1330,1335,200,47.9100,47.6100,STOP,-60.0000,14.9520,-74.9520,False
2024-03-18,2024-03-18,倒T,open_dao,1045,1050,1325,1330,200,47.8700,47.6500,STOP,-44.0000,14.9560,-58.9560,False
2024-03-21,2024-03-21,正T,open_zheng,1050,1055,1315,1320,200,47.2100,47.7500,TP,108.0000,14.9649,93.0351,False
2024-04-03,2024-04-03,正T,open_zheng,1005,1010,1040,1045,200,44.0900,44.7000,TP,122.0000,14.6476,107.3524,False
2024-04-11,2024-04-11,正T,open_zheng,1400,1405,1450,1455,200,40.6000,41.0500,EOD,90.0000,14.2683,75.7317,False
2024-04-15,2024-04-15,倒T,open_dao,1020,1025,1420,1425,200,40.8500,41.2100,TP,72.0000,14.2851,57.7149,False
2024-04-16,2024-04-16,倒T,open_dao,1315,1320,1420,1425,200,41.3200,41.8500,TP,106.0000,14.3513,91.6487,False
2024-04-25,2024-04-25,倒T,open_dao,1045,1050,1405,1410,200,41.3700,41.7700,TP,80.0000,14.3433,65.6567,False
2024-04-29,2024-04-29,倒T,open_dao,1005,1010,1015,1020,200,43.2700,43.0500,STOP,-44.0000,14.4776,-58.4776,False
2024-04-30,2024-04-30,正T,open_zheng,1110,1115,1125,1130,200,41.9900,41.7700,STOP,-44.0000,14.3445,-58.3445,False
2024-05-09,2024-05-09,倒T,open_dao,1310,1315,1315,1320,200,43.5600,43.3400,STOP,-44.0000,14.5078,-58.5078,False
2024-05-10,2024-05-10,正T,open_zheng,955,1000,1010,1015,200,42.9900,42.8000,STOP,-38.0000,14.4516,-52.4516,False
2024-05-13,2024-05-13,倒T,open_dao,1035,1040,1450,1455,200,43.0600,43.3900,EOD,66.0000,14.5119,51.4881,False
2024-05-27,2024-05-27,倒T,open_dao,1320,1325,1425,1430,200,42.9500,42.6000,STOP,-70.0000,14.4311,-84.4311,False
2024-05-28,2024-05-28,倒T,open_dao,955,1000,1030,1035,200,43.3800,43.9800,TP,120.0000,14.5727,105.4273,False
2024-05-28,2024-05-28,正T,open_zheng,1415,1420,1450,1455,200,43.0100,43.1400,EOD,26.0000,14.4863,11.5137,False
2024-05-30,2024-05-30,倒T,open_dao,950,955,1045,1050,200,45.1700,44.7800,STOP,-78.0000,14.6579,-92.6579,False
2024-06-03,2024-06-03,正T,open_zheng,1420,1425,1450,1455,200,45.0100,45.4200,EOD,82.0000,14.7229,67.2771,False
2024-06-20,2024-06-20,倒T,open_dao,1030,1035,1040,1045,200,49.4800,49.0300,STOP,-90.0000,15.1000,-105.1000,False
2024-06-24,2024-06-24,正T,open_zheng,1050,1055,1115,1120,200,48.1600,47.8300,STOP,-66.0000,14.9750,-80.9750,False
2024-06-25,2024-06-25,正T,open_zheng,1350,1355,1450,1455,200,45.6000,45.7400,EOD,28.0000,14.7567,13.2433,False
2024-07-03,2024-07-03,倒T,open_dao,1110,1115,1310,1315,200,46.5900,46.3500,STOP,-48.0000,14.8209,-62.8209,False
2024-07-05,2024-07-05,倒T,open_dao,1345,1350,1450,1455,200,46.5300,46.4900,EOD,-8.0000,14.8350,-22.8350,False
2024-07-09,2024-07-09,倒T,open_dao,1345,1350,1450,1455,200,48.1900,48.2800,EOD,18.0000,15.0209,2.9791,False
2024-07-12,2024-07-12,倒T,open_dao,1345,1350,1450,1455,200,48.5800,48.5500,EOD,-6.0000,15.0493,-21.0493,False
2024-07-16,2024-07-16,倒T,open_dao,1340,1345,1450,1455,200,49.1700,49.0900,EOD,-16.0000,15.1055,-31.1055,False
2024-07-18,2024-07-18,倒T,open_dao,1310,1315,1335,1340,200,49.0100,48.6300,STOP,-76.0000,15.0583,-91.0583,False
2024-07-19,2024-07-19,倒T,open_dao,1050,1055,1100,1105,200,50.5200,50.1800,STOP,-68.0000,15.2194,-83.2194,False
2024-07-29,2024-07-29,正T,open_zheng,1400,1405,1405,1410,200,48.5100,48.1600,STOP,-70.0000,15.0093,-85.0093,False
2024-08-06,2024-08-06,正T,open_zheng,1320,1325,1440,1445,200,46.4900,47.2000,TP,142.0000,14.9074,127.0926,False
2024-08-22,2024-08-22,正T,open_zheng,1040,1045,1110,1115,200,46.5200,46.1800,STOP,-68.0000,14.8034,-82.8034,False
2024-08-30,2024-08-30,倒T,open_dao,955,1000,1035,1040,200,48.0500,47.7400,STOP,-62.0000,14.9656,-76.9656,False
2024-09-02,2024-09-02,正T,open_zheng,1305,1310,1310,1315,200,47.1100,46.8000,STOP,-62.0000,14.8678,-76.8678,False
2024-09-03,2024-09-03,正T,open_zheng,1100,1105,1450,1455,200,45.8000,46.1900,EOD,78.0000,14.8030,63.1970,False
2024-09-10,2024-09-10,正T,open_zheng,1005,1010,1105,1110,200,44.0300,44.4400,TP,82.0000,14.6209,67.3791,False
2024-09-10,2024-09-10,倒T,open_dao,1415,1420,1450,1455,200,44.9000,44.8900,EOD,-2.0000,14.6686,-16.6686,False
2024-09-11,2024-09-11,正T,open_zheng,1105,1110,1120,1125,200,43.4600,43.2700,STOP,-38.0000,14.5005,-52.5005,False
2024-09-19,2024-09-19,倒T,open_dao,1305,1310,1450,1455,200,43.7500,44.1000,EOD,70.0000,14.5857,55.4143,False
2024-09-24,2024-09-24,倒T,open_dao,1305,1310,1440,1445,200,44.7500,44.5700,STOP,-36.0000,14.6356,-50.6356,False
2024-09-25,2024-09-25,正T,open_zheng,1340,1345,1450,1455,200,45.1000,45.0400,EOD,-12.0000,14.6843,-26.6843,False
2024-09-27,2024-09-27,倒T,open_dao,1120,1125,1125,1130,200,49.2200,48.4200,STOP,-160.0000,15.0373,-175.0373,False
2024-09-30,2024-09-30,正T,open_zheng,950,955,1000,1005,200,53.9900,54.8300,TP,168.0000,15.7006,152.2994,False
2024-09-30,2024-09-30,倒T,open_dao,1025,1030,1045,1050,200,56.4700,55.9700,STOP,-100.0000,15.8219,-115.8219,False
2024-10-08,2024-10-08,正T,open_zheng,1040,1045,1045,1050,200,70.5300,71.9800,TP,290.0000,17.4830,272.5170,False
2024-10-09,2024-10-09,倒T,open_dao,945,950,950,955,200,84.0200,79.4600,STOP,-912.0000,18.2730,-930.2730,False
2024-10-10,2024-10-10,正T,open_zheng,950,955,955,1000,200,76.7200,74.5800,STOP,-428.0000,17.7606,-445.7606,False
2024-10-14,2024-10-14,倒T,open_dao,1320,1325,1450,1455,200,75.2400,74.5500,EOD,-138.0000,17.7546,-155.7546,False
2024-10-18,2024-10-18,倒T,open_dao,1305,1310,1310,1315,200,82.2100,80.8400,STOP,-274.0000,18.4101,-292.4101,False
2024-10-21,2024-10-21,倒T,open_dao,1105,1110,1110,1115,200,103.0000,99.7700,STOP,-646.0000,20.5325,-666.5325,False
2024-10-30,2024-10-30,正T,open_zheng,1120,1125,1450,1455,200,85.8700,86.3400,EOD,94.0000,18.9784,75.0216,False
2024-10-31,2024-10-31,倒T,open_dao,1040,1045,1320,1325,200,86.4200,88.6000,TP,436.0000,19.2100,416.7900,False
2024-11-05,2024-11-05,倒T,open_dao,1015,1020,1045,1050,200,94.7500,93.6400,STOP,-222.0000,19.7408,-241.7408,False
2024-11-06,2024-11-06,倒T,open_dao,1310,1315,1435,1440,200,96.1100,99.0200,TP,582.0000,20.2923,561.7077,False
2024-11-08,2024-11-08,正T,open_zheng,1310,1315,1330,1335,200,103.0400,105.9100,TP,574.0000,21.4564,552.5436,False
2024-11-08,2024-11-08,正T,open_zheng,1425,1430,1430,1435,200,102.6800,101.4300,STOP,-250.0000,20.7567,-270.7567,False
2024-11-18,2024-11-18,正T,open_zheng,1410,1415,1450,1455,200,92.2500,92.2600,EOD,2.0000,19.5950,-17.5950,False
2024-11-22,2024-11-22,正T,open_zheng,1305,1310,1405,1410,200,91.2500,90.3700,STOP,-176.0000,19.4002,-195.4002,False
2024-11-27,2024-11-27,倒T,open_dao,1045,1050,1050,1055,200,87.5000,86.6300,STOP,-174.0000,19.0113,-193.0113,False
2024-11-29,2024-11-29,倒T,open_dao,1130,1305,1305,1310,200,91.4700,90.7800,STOP,-138.0000,19.4425,-157.4425,False
2024-12-03,2024-12-03,正T,open_zheng,1015,1020,1405,1410,200,86.7200,87.8700,TP,230.0000,19.1362,210.8638,False
2024-12-10,2024-12-10,正T,open_zheng,1315,1320,1445,1450,200,88.7200,88.1400,STOP,-116.0000,19.1677,-135.1677,False
2024-12-19,2024-12-19,倒T,open_dao,1325,1330,1330,1335,200,86.0400,84.7600,STOP,-256.0000,18.8176,-274.8176,False
2024-12-20,2024-12-20,倒T,open_dao,955,1000,1000,1005,200,89.6200,88.0100,STOP,-322.0000,19.1563,-341.1563,False
2024-12-23,2024-12-23,倒T,open_dao,950,955,955,1000,200,99.1100,97.8700,STOP,-248.0000,20.1810,-268.1810,False
2024-12-27,2024-12-27,正T,open_zheng,1415,1420,1450,1455,200,97.0300,97.9900,EOD,192.0000,20.1890,171.8110,False
2025-01-02,2025-01-02,正T,open_zheng,1415,1420,1450,1455,200,89.2800,88.7400,EOD,-108.0000,19.2300,-127.2300,False
2025-01-08,2025-01-08,倒T,open_dao,1415,1420,1450,1455,200,89.0000,90.6300,EOD,326.0000,19.4223,306.5777,False
2025-01-13,2025-01-13,倒T,open_dao,955,1000,1105,1110,200,95.1000,94.1500,STOP,-190.0000,19.7935,-209.7935,False
2025-01-14,2025-01-14,倒T,open_dao,1110,1115,1115,1120,200,99.5400,98.5600,STOP,-196.0000,20.2522,-216.2522,False
2025-01-15,2025-01-15,倒T,open_dao,1040,1045,1325,1330,200,99.5200,101.6600,TP,428.0000,20.6514,407.3486,False
2025-01-16,2025-01-16,正T,open_zheng,1120,1125,1450,1455,200,98.8200,97.8300,EOD,-198.0000,20.1763,-218.1763,False
2025-01-17,2025-01-17,倒T,open_dao,1130,1305,1335,1340,200,104.4600,102.9900,STOP,-294.0000,21.0864,-315.0864,False
2025-01-23,2025-01-23,正T,open_zheng,1320,1325,1330,1335,200,98.9700,97.7500,STOP,-244.0000,20.1684,-264.1684,False
2025-02-06,2025-02-06,倒T,open_dao,1045,1050,1100,1105,200,106.3900,104.3900,STOP,-400.0000,21.3996,-421.3996,False
2025-02-07,2025-02-07,正T,open_zheng,1420,1425,1450,1455,200,100.9000,101.9700,EOD,214.0000,20.7462,193.2538,False
2025-02-19,2025-02-19,倒T,open_dao,1000,1005,1055,1100,200,101.0000,102.2600,TP,252.0000,20.7955,231.2045,False
2025-02-21,2025-02-21,倒T,open_dao,1040,1045,1115,1120,200,103.7400,102.9400,STOP,-160.0000,21.0414,-181.0414,False
2025-02-24,2025-02-24,倒T,open_dao,945,950,1000,1005,200,104.4900,106.3800,TP,378.0000,21.6032,356.3968,False
2025-02-25,2025-02-25,倒T,open_dao,1110,1115,1430,1435,200,101.5400,103.4800,TP,388.0000,21.0090,366.9910,False
2025-02-26,2025-02-26,倒T,open_dao,1105,1110,1420,1425,200,105.3000,103.8300,STOP,-294.0000,21.2578,-315.2578,False
2025-03-13,2025-03-13,正T,open_zheng,1315,1320,1335,1340,200,93.1400,92.4900,STOP,-130.0000,19.6203,-149.6203,False
2025-03-14,2025-03-14,倒T,open_dao,1115,1120,1450,1455,200,94.7500,95.3100,EOD,112.0000,19.9111,92.0889,False
2025-03-25,2025-03-25,正T,open_zheng,1040,1045,1330,1335,200,89.4500,90.2700,TP,164.0000,19.3864,144.6136,False
2025-03-27,2025-03-27,倒T,open_dao,1020,1025,1040,1045,200,92.2500,91.2800,STOP,-194.0000,19.4951,-213.4951,False
2025-03-31,2025-03-31,正T,open_zheng,1055,1100,1335,1340,200,89.0300,88.6000,STOP,-86.0000,19.2153,-105.2153,False
2025-04-01,2025-04-01,正T,open_zheng,1345,1350,1410,1415,200,87.5100,86.9500,STOP,-112.0000,19.0439,-131.0439,False
2025-04-03,2025-04-03,倒T,open_dao,945,950,1010,1015,200,87.9000,88.5800,TP,136.0000,19.2110,116.7890,False
2025-04-07,2025-04-07,正T,open_zheng,950,955,1000,1005,200,82.9000,85.1700,TP,454.0000,18.8531,435.1469,False
2025-04-07,2025-04-07,正T,open_zheng,1310,1315,1345,1350,200,83.2600,82.4800,STOP,-156.0000,18.5795,-174.5795,False
2025-04-09,2025-04-09,倒T,open_dao,955,1000,1000,1005,200,89.5400,87.9700,STOP,-314.0000,19.1520,-333.1520,False
2025-04-11,2025-04-11,倒T,open_dao,1305,1310,1445,1450,200,92.9300,95.0800,TP,430.0000,19.8840,410.1160,False
2025-04-24,2025-04-24,正T,open_zheng,1110,1115,1450,1455,200,88.5700,89.1700,EOD,120.0000,19.2725,100.7275,False
2025-05-07,2025-05-07,正T,open_zheng,945,950,1450,1455,200,90.0500,90.1200,EOD,14.0000,19.3723,-5.3723,False
2025-05-12,2025-05-12,正T,open_zheng,955,1000,1005,1010,200,84.2300,85.5100,TP,256.0000,18.8905,237.1095,False
2025-05-13,2025-05-13,正T,open_zheng,1015,1020,1450,1455,200,85.6500,85.4900,EOD,-32.0000,18.8913,-50.8913,False
2025-05-14,2025-05-14,倒T,open_dao,1340,1345,1420,1425,200,85.9100,86.6100,TP,140.0000,19.0060,120.9940,False
2025-05-19,2025-05-19,倒T,open_dao,1055,1100,1105,1110,200,85.2100,84.8800,STOP,-66.0000,18.8282,-84.8282,False
2025-05-23,2025-05-23,正T,open_zheng,1410,1415,1435,1440,200,83.1900,82.9300,STOP,-52.0000,18.6252,-70.6252,False
2025-05-29,2025-05-29,倒T,open_dao,1050,1055,1430,1435,200,83.5100,83.0600,STOP,-90.0000,18.6391,-108.6391,False
2025-06-05,2025-06-05,倒T,open_dao,1335,1340,1345,1350,200,84.4900,84.2200,STOP,-54.0000,18.7594,-72.7594,False
2025-06-06,2025-06-06,倒T,open_dao,1125,1130,1320,1325,200,84.4300,84.9800,TP,110.0000,18.8368,91.1632,False
2025-06-10,2025-06-10,正T,open_zheng,1320,1325,1330,1335,200,82.6000,82.2700,STOP,-66.0000,18.5567,-84.5567,False
2025-06-13,2025-06-13,倒T,open_dao,1350,1355,1450,1455,200,82.6800,83.0700,EOD,78.0000,18.6385,59.3615,False
2025-06-23,2025-06-23,倒T,open_dao,945,950,950,955,200,83.2500,82.5900,STOP,-132.0000,18.5907,-150.5907,False
2025-06-25,2025-06-25,倒T,open_dao,1305,1310,1320,1325,200,87.6000,87.1000,STOP,-100.0000,19.0594,-119.0594,False
2025-06-26,2025-06-26,倒T,open_dao,1000,1005,1015,1020,200,88.7600,89.7900,TP,206.0000,19.3361,186.6639,False
2025-06-26,2025-06-26,正T,open_zheng,1320,1325,1400,1405,200,87.7600,87.4200,STOP,-68.0000,19.0924,-87.0924,False
2025-07-04,2025-07-04,倒T,open_dao,1315,1320,1435,1440,200,85.9100,86.9500,TP,208.0000,19.0407,188.9593,False
2025-07-11,2025-07-11,倒T,open_dao,1305,1310,1310,1315,200,88.8000,88.3100,STOP,-98.0000,19.1852,-117.1852,False
2025-07-17,2025-07-17,倒T,open_dao,1345,1350,1450,1455,200,88.8200,88.9200,EOD,20.0000,19.2475,0.7525,False
2025-07-22,2025-07-22,倒T,open_dao,1015,1020,1030,1035,200,89.5900,90.2800,TP,138.0000,19.3877,118.6123,False
2025-07-23,2025-07-23,倒T,open_dao,1315,1320,1425,1430,200,89.4000,90.1300,TP,146.0000,19.3721,126.6279,False
2025-07-24,2025-07-24,倒T,open_dao,1015,1020,1020,1025,200,92.0200,91.4700,STOP,-110.0000,19.5140,-129.5140,False
2025-07-30,2025-07-30,正T,open_zheng,1405,1410,1450,1455,200,89.8400,90.2800,EOD,88.0000,19.3882,68.6118,False
2025-07-31,2025-07-31,倒T,open_dao,1310,1315,1320,1325,200,91.9200,91.4700,STOP,-90.0000,19.5138,-109.5138,False
2025-08-01,2025-08-01,正T,open_zheng,1345,1350,1450,1455,200,88.0700,88.5500,EOD,96.0000,19.2082,76.7918,False
2025-08-12,2025-08-12,倒T,open_dao,1310,1315,1315,1320,200,89.0000,88.3300,STOP,-134.0000,19.1877,-153.1877,False
2025-08-14,2025-08-14,倒T,open_dao,950,955,1000,1005,200,92.1700,91.7800,STOP,-78.0000,19.5459,-97.5459,False
2025-08-15,2025-08-15,倒T,open_dao,1330,1335,1335,1340,200,93.1200,90.7300,STOP,-478.0000,19.4407,-497.4407,False
2025-08-18,2025-08-18,倒T,open_dao,1055,1100,1100,1105,200,94.6900,94.1600,STOP,-106.0000,19.7937,-125.7937,False
2025-08-20,2025-08-20,倒T,open_dao,1350,1355,1420,1425,200,92.2300,91.2800,STOP,-190.0000,19.4950,-209.4950,False
2025-08-22,2025-08-22,倒T,open_dao,1000,1005,1035,1040,200,98.7400,97.9600,STOP,-156.0000,20.1894,-176.1894,False
2025-08-25,2025-08-25,正T,open_zheng,945,950,950,955,200,103.8200,102.7200,STOP,-220.0000,21.0121,-241.0121,False
2025-08-27,2025-08-27,倒T,open_dao,1130,1305,1355,1400,200,103.5100,106.4900,TP,596.0000,21.5690,574.4310,False
2025-08-28,2025-08-28,倒T,open_dao,950,955,1000,1005,200,109.7400,108.0200,STOP,-344.0000,22.1255,-366.1255,False
2025-09-11,2025-09-11,倒T,open_dao,1050,1055,1055,1100,200,111.3900,108.4600,STOP,-586.0000,22.2782,-608.2782,False
2025-09-17,2025-09-17,倒T,open_dao,945,950,1025,1030,200,115.9200,118.9600,TP,608.0000,24.1098,583.8902,False
2025-09-18,2025-09-18,倒T,open_dao,1010,1015,1025,1030,200,126.2300,124.4900,STOP,-348.0000,25.4864,-373.4864,False
2025-09-22,2025-09-22,倒T,open_dao,1320,1325,1340,1345,200,129.0300,127.4100,STOP,-324.0000,26.0759,-350.0759,False
2025-09-24,2025-09-24,倒T,open_dao,1130,1305,1450,1455,200,135.7100,137.3000,EOD,318.0000,27.9265,290.0735,False
2025-10-09,2025-10-09,倒T,open_dao,1030,1035,1045,1050,200,152.7000,151.3300,STOP,-274.0000,30.9426,-304.9426,False
2025-10-14,2025-10-14,正T,open_zheng,1120,1125,1420,1425,200,128.8700,126.9300,STOP,-388.0000,25.9946,-413.9946,False
2025-10-22,2025-10-22,倒T,open_dao,1335,1340,1450,1455,200,127.0800,129.0600,EOD,396.0000,26.2253,369.7747,False
2025-11-05,2025-11-05,倒T,open_dao,1420,1425,1450,1455,200,119.7200,120.4100,EOD,138.0000,24.5278,113.4722,False
2025-11-13,2025-11-13,倒T,open_dao,1130,1305,1450,1455,200,122.6100,121.9600,EOD,-130.0000,24.9136,-154.9136,False
2025-11-14,2025-11-14,正T,open_zheng,1050,1055,1110,1115,200,121.6100,120.8500,STOP,-152.0000,24.6929,-176.6929,False
2025-11-24,2025-11-24,正T,open_zheng,1005,1010,1330,1335,200,108.2600,110.4300,TP,434.0000,22.4149,411.5851,False
2025-11-24,2025-11-24,倒T,open_dao,1425,1430,1450,1455,200,111.4300,112.1500,EOD,144.0000,22.8412,121.1588,False
2025-11-27,2025-11-27,正T,open_zheng,1410,1415,1450,1455,200,113.3000,112.6300,EOD,-134.0000,23.0114,-157.0114,False
2025-12-04,2025-12-04,倒T,open_dao,1055,1100,1125,1130,200,114.4200,113.4900,STOP,-186.0000,23.2003,-209.2003,False
2025-12-08,2025-12-08,倒T,open_dao,1020,1025,1450,1455,200,117.4400,117.8500,EOD,82.0000,24.0201,57.9799,False
2025-12-10,2025-12-10,倒T,open_dao,1425,1430,1450,1455,200,116.1400,116.0800,EOD,-12.0000,23.6834,-35.6834,False
2025-12-11,2025-12-11,正T,open_zheng,1320,1325,1450,1455,200,114.0900,113.8500,EOD,-48.0000,23.2379,-71.2379,False
2025-12-12,2025-12-12,倒T,open_dao,1050,1055,1305,1310,200,116.0500,114.7000,STOP,-270.0000,23.4690,-293.4690,False
2025-12-17,2025-12-17,倒T,open_dao,1405,1410,1415,1420,200,113.8400,113.1600,STOP,-136.0000,23.1200,-159.1200,False
2025-12-22,2025-12-22,倒T,open_dao,1110,1115,1115,1120,200,119.9000,118.8100,STOP,-218.0000,24.2939,-242.2939,False
2025-12-26,2025-12-26,正T,open_zheng,1125,1130,1450,1455,200,121.3200,122.0300,EOD,142.0000,24.8572,117.1428,False
2026-01-06,2026-01-06,倒T,open_dao,950,955,1015,1020,200,131.9400,133.1400,TP,240.0000,27.0982,212.9018,False
2026-01-08,2026-01-08,正T,open_zheng,1415,1420,1450,1455,200,129.9000,130.0900,EOD,38.0000,26.5285,11.4715,False
2026-01-21,2026-01-21,倒T,open_dao,1030,1035,1120,1125,200,128.7600,127.8500,STOP,-182.0000,26.1287,-208.1287,False
2026-01-22,2026-01-22,正T,open_zheng,1015,1020,1450,1455,200,126.3300,126.3700,EOD,8.0000,25.7774,-17.7774,False
2026-01-27,2026-01-27,倒T,open_dao,1335,1340,1350,1355,200,123.8200,122.8800,STOP,-188.0000,25.1164,-213.1164,False
2026-01-30,2026-01-30,倒T,open_dao,1315,1320,1450,1455,200,123.0400,124.4800,EOD,288.0000,25.3190,262.6810,False
2026-02-02,2026-02-02,正T,open_zheng,1335,1340,1450,1455,200,117.5400,116.8900,EOD,-130.0000,23.8794,-153.8794,False
2026-02-03,2026-02-03,正T,open_zheng,1035,1040,1420,1425,200,114.4300,115.8500,TP,284.0000,23.5596,260.4404,False
2026-02-06,2026-02-06,倒T,open_dao,1050,1055,1335,1340,200,114.4200,113.6900,STOP,-146.0000,23.2307,-169.2307,False
2026-02-11,2026-02-11,倒T,open_dao,1400,1405,1450,1455,200,115.1000,115.9300,EOD,166.0000,23.6066,142.3934,False
2026-02-26,2026-02-26,倒T,open_dao,1310,1315,1450,1455,200,116.4600,117.1300,EOD,134.0000,23.8597,110.1403,False
2026-03-03,2026-03-03,正T,open_zheng,955,1000,1005,1010,200,112.0700,111.4300,STOP,-128.0000,22.7650,-150.7650,False
2026-03-04,2026-03-04,正T,open_zheng,1105,1110,1130,1305,200,106.7600,106.1900,STOP,-114.0000,21.6924,-135.6924,False
2026-03-05,2026-03-05,正T,open_zheng,1420,1425,1450,1455,200,106.2000,106.5600,EOD,72.0000,21.7195,50.2805,False
2026-03-09,2026-03-09,倒T,open_dao,1335,1340,1400,1405,200,105.0500,104.3700,STOP,-136.0000,21.3268,-157.3268,False
2026-03-12,2026-03-12,正T,open_zheng,1040,1045,1100,1105,200,105.9600,105.3900,STOP,-114.0000,21.5292,-135.5292,False
2026-03-16,2026-03-16,倒T,open_dao,1305,1310,1320,1325,200,109.1800,108.2600,STOP,-184.0000,22.1329,-206.1329,False
2026-03-23,2026-03-23,正T,open_zheng,1330,1335,1415,1420,200,98.6000,97.9800,STOP,-124.0000,20.1912,-144.1912,False
2026-03-31,2026-03-31,正T,open_zheng,1405,1410,1450,1455,200,94.5000,94.0500,EOD,-90.0000,19.7821,-109.7821,False
2026-04-02,2026-04-02,正T,open_zheng,1305,1310,1355,1400,200,93.3200,92.7400,STOP,-116.0000,19.6461,-135.6461,False
2026-04-07,2026-04-07,倒T,open_dao,1105,1110,1110,1115,200,96.3400,95.7300,STOP,-122.0000,19.9571,-141.9571,False
2026-04-08,2026-04-08,倒T,open_dao,1340,1345,1450,1455,200,101.0500,101.3200,EOD,54.0000,20.6552,33.3448,False
2026-04-13,2026-04-13,倒T,open_dao,1010,1015,1110,1115,200,100.9000,102.0100,TP,222.0000,20.7523,201.2477,False
2026-04-15,2026-04-15,倒T,open_dao,1040,1045,1050,1055,200,105.5400,104.7400,STOP,-160.0000,21.4086,-181.4086,False
2026-04-17,2026-04-17,倒T,open_dao,1035,1040,1130,1305,200,105.4600,106.9300,TP,294.0000,21.7373,272.2627,False
2026-04-20,2026-04-20,倒T,open_dao,1100,1105,1450,1455,200,108.1000,108.4600,EOD,72.0000,22.1071,49.8929,False
2026-04-23,2026-04-23,正T,open_zheng,1120,1125,1450,1455,200,105.9000,106.0900,EOD,38.0000,21.6325,16.3675,False
2026-04-24,2026-04-24,倒T,open_dao,1045,1050,1055,1100,200,109.9700,108.0700,STOP,-380.0000,22.1451,-402.1451,False
2026-04-28,2026-04-28,正T,open_zheng,1420,1425,1450,1455,200,113.6500,114.2000,EOD,110.0000,23.2682,86.7318,False
2026-04-30,2026-04-30,倒T,open_dao,1110,1115,1120,1125,200,119.4200,117.8400,STOP,-316.0000,24.1215,-340.1215,False
2026-05-06,2026-05-06,倒T,open_dao,950,955,1335,1340,200,125.6100,126.9700,TP,272.0000,25.8312,246.1688,False
2026-05-07,2026-05-07,倒T,open_dao,1320,1325,1450,1455,200,125.0500,126.8300,EOD,356.0000,25.7808,330.2192,False
2026-05-12,2026-05-12,正T,open_zheng,1120,1125,1450,1455,200,120.5300,121.8300,EOD,260.0000,24.7857,235.2143,False
2026-05-13,2026-05-13,倒T,open_dao,1330,1335,1440,1445,200,122.3700,120.8800,STOP,-298.0000,24.7370,-322.7370,False
2026-05-14,2026-05-14,正T,open_zheng,1110,1115,1410,1415,200,117.8200,120.3800,TP,512.0000,24.4244,487.5756,False
2026-05-15,2026-05-15,正T,open_zheng,1000,1005,1055,1100,200,119.4800,122.5500,TP,614.0000,24.8406,589.1594,False
2026-05-15,2026-05-15,倒T,open_dao,1100,1105,1305,1310,200,121.4200,124.0800,TP,532.0000,25.1740,506.8260,False
2026-05-20,2026-05-20,倒T,open_dao,1005,1010,1020,1025,200,128.7900,127.3700,STOP,-284.0000,26.0573,-310.0573,False
2026-05-21,2026-05-21,正T,open_zheng,1425,1430,1450,1455,200,130.1400,128.1500,EOD,-398.0000,26.2461,-424.2461,False
2026-05-25,2026-05-25,倒T,open_dao,1115,1120,1130,1305,200,147.0300,144.2300,STOP,-560.0000,29.5685,-589.5685,False
2026-05-27,2026-05-27,正T,open_zheng,1345,1350,1450,1455,200,145.2100,145.7700,EOD,112.0000,29.7080,82.2920,False
2026-06-05,2026-06-05,倒T,open_dao,1030,1035,1315,1320,200,130.8700,134.4700,TP,720.0000,27.2447,692.7553,False
2026-06-12,2026-06-12,正T,open_zheng,1110,1115,1405,1410,200,127.5900,126.0800,STOP,-302.0000,25.7988,-327.7988,False
2026-06-17,2026-06-17,倒T,open_dao,1105,1110,1340,1345,200,134.4700,133.1700,STOP,-260.0000,27.2343,-287.2343,False
2026-06-18,2026-06-18,倒T,open_dao,1035,1040,1310,1315,200,142.2400,139.7300,STOP,-502.0000,28.6354,-530.6354,False
2026-06-23,2026-06-23,正T,open_zheng,1430,1435,1450,1455,200,139.8400,141.1400,EOD,260.0000,28.7250,231.2750,False
2026-06-24,2026-06-24,倒T,open_dao,1015,1020,1130,1305,200,154.3300,150.6900,STOP,-728.0000,30.9300,-758.9300,False
2026-06-29,2026-06-29,正T,open_zheng,1020,1025,1110,1115,200,142.5600,146.8700,TP,862.0000,29.7374,832.2626,False
2026-07-01,2026-07-01,正T,open_zheng,1045,1050,1315,1320,200,157.2300,154.9100,STOP,-464.0000,31.7223,-495.7223,False
2026-07-06,2026-07-06,倒T,open_dao,1125,1130,1450,1455,200,144.0200,146.1800,EOD,432.0000,29.7084,402.2916,False
2026-07-08,2026-07-08,倒T,open_dao,1120,1125,1450,1455,200,151.8300,154.1700,EOD,468.0000,31.3290,436.6710,False
2026-07-09,2026-07-09,倒T,open_dao,1310,1315,1350,1355,200,167.4000,164.7700,STOP,-526.0000,33.7498,-559.7498,False
2026-07-21,2026-07-21,倒T,open_dao,1105,1110,1425,1430,200,158.0800,155.1300,STOP,-590.0000,31.7999,-621.7999,False
2026-07-31,2026-07-31,正T,open_zheng,1110,1115,1435,1440,200,126.8200,124.7900,STOP,-406.0000,25.5627,-431.5627,False
2026-08-14,2026-08-14,正T,open_zheng,1115,1120,1400,1405,200,130.5300,132.9600,TP,486.0000,26.9975,459.0025,False
2026-08-17,2026-08-17,倒T,open_dao,1045,1050,1310,1315,200,137.3500,135.9200,STOP,-286.0000,27.8020,-313.8020,False
2026-08-19,2026-08-19,正T,open_zheng,1040,1045,1450,1455,200,126.5500,127.9400,EOD,278.0000,26.0275,251.9725,False
2026-08-24,2026-08-24,正T,open_zheng,1350,1355,1450,1455,200,118.6400,120.4200,EOD,356.0000,24.4731,331.5269,False
2026-08-31,2026-08-31,倒T,open_dao,1405,1410,1410,1415,200,127.7800,126.7600,STOP,-204.0000,25.9121,-229.9121,False
2026-09-15,2026-09-15,倒T,open_dao,1025,1030,1105,1110,200,115.4300,117.1300,TP,340.0000,23.8061,316.1939,False
2026-09-16,2026-09-16,倒T,open_dao,1105,1110,1115,1120,200,119.5200,118.6300,STOP,-178.0000,24.2468,-202.2468,False
2026-09-18,2026-09-18,倒T,open_dao,1130,1305,1350,1355,200,121.6200,123.3100,TP,338.0000,25.0674,312.9326,False
2026-09-22,2026-09-22,正T,open_zheng,1430,1435,1450,1455,200,122.2500,122.1400,EOD,-22.0000,24.9223,-46.9223,False
