策略族,股票,时段,净收益,毛收益,费用,闭环,胜率,最大回撤,只持有盈亏,跑赢持有
网格（日内 / 多日）,中芯国际 sh.688981,样本内,-2963,-1922,1041,50,30%,-3068,-12116,否
网格（日内 / 多日）,中芯国际 sh.688981,样本外,806,1558,752,35,60%,-1377,28280,是
网格（日内 / 多日）,晶晨股份 sh.688099,样本内,-456,288,744,22,59%,-1666,4687,否
网格（日内 / 多日）,晶晨股份 sh.688099,样本外,2798,3319,521,21,71%,-491,14320,是
网格（日内 / 多日）,同花顺 sz.300033,样本内,-2034,-492,1542,72,54%,-2195,-9618,否
网格（日内 / 多日）,同花顺 sz.300033,样本外,1667,3369,1702,57,58%,-2680,40590,是
网格（日内 / 多日）,今世缘 sh.603369,样本内,-228,336,564,18,50%,-750,3624,否
网格（日内 / 多日）,今世缘 sh.603369,样本外,-1517,-984,533,28,50%,-1925,-13784,否
网格（日内 / 多日）,古井贡酒 sz.000596,样本内,-60,527,587,16,69%,-1073,1058,否
网格（日内 / 多日）,古井贡酒 sz.000596,样本外,-1151,-563,588,33,52%,-1539,-17386,否
网格（日内 / 多日）,5股合计,样本内,-5742,-1263,4478,178,49%,-6518,-12365,否
网格（日内 / 多日）,5股合计,样本外,2603,6699,4096,174,57%,-4199,52020,是
开盘区间突破（顺势）,中芯国际 sh.688981,样本内,-6437,-2370,4067,209,35%,-7089,-12116,否
开盘区间突破（顺势）,中芯国际 sh.688981,样本外,5202,7974,2772,127,46%,-5768,28280,是
开盘区间突破（顺势）,晶晨股份 sh.688099,样本内,-14332,-8437,5895,174,40%,-16986,4687,否
开盘区间突破（顺势）,晶晨股份 sh.688099,样本外,-7423,-4475,2948,123,46%,-11114,14320,否
开盘区间突破（顺势）,同花顺 sz.300033,样本内,-9684,-4751,4933,226,33%,-12277,-9618,否
开盘区间突破（顺势）,同花顺 sz.300033,样本外,-2207,1108,3315,114,37%,-8496,40590,否
开盘区间突破（顺势）,今世缘 sh.603369,样本内,-14884,-9680,5204,171,37%,-17010,3624,否
开盘区间突破（顺势）,今世缘 sh.603369,样本外,-1420,148,1568,87,44%,-1830,-13784,否
开盘区间突破（顺势）,古井贡酒 sz.000596,样本内,-11344,-5373,5971,176,35%,-12677,1058,否
开盘区间突破（顺势）,古井贡酒 sz.000596,样本外,-2871,-1068,1803,104,37%,-4191,-17386,否
开盘区间突破（顺势）,5股合计,样本内,-56683,-30611,26071,956,36%,-58946,-12365,否
开盘区间突破（顺势）,5股合计,样本外,-8720,3687,12407,555,42%,-16969,52020,否
跳空 fade / follow,中芯国际 sh.688981,样本内,1449,2612,1163,58,66%,-771,-12116,是
跳空 fade / follow,中芯国际 sh.688981,样本外,531,1672,1141,51,51%,-3568,28280,是
跳空 fade / follow,晶晨股份 sh.688099,样本内,4764,6018,1253,35,69%,-3128,4687,是
跳空 fade / follow,晶晨股份 sh.688099,样本外,-4157,-3291,866,36,42%,-5524,14320,否
跳空 fade / follow,同花顺 sz.300033,样本内,-4070,-2886,1184,56,48%,-4087,-9618,否
跳空 fade / follow,同花顺 sz.300033,样本外,-5725,-4756,969,33,52%,-8604,40590,否
跳空 fade / follow,今世缘 sh.603369,样本内,828,1832,1004,34,56%,-1353,3624,是
跳空 fade / follow,今世缘 sh.603369,样本外,-1208,-668,540,30,47%,-2142,-13784,否
跳空 fade / follow,古井贡酒 sz.000596,样本内,2611,3243,632,19,53%,-870,1058,是
跳空 fade / follow,古井贡酒 sz.000596,样本外,-2321,-2006,315,18,50%,-4056,-17386,否
跳空 fade / follow,5股合计,样本内,5581,10819,5238,202,58%,-3081,-12365,是
跳空 fade / follow,5股合计,样本外,-12879,-9049,3830,168,48%,-14535,52020,否
跨日均值回归,中芯国际 sh.688981,样本内,-604,830,1434,74,57%,-3936,-12116,否
跨日均值回归,中芯国际 sh.688981,样本外,-4281,-3398,883,40,48%,-16513,28280,否
跨日均值回归,晶晨股份 sh.688099,样本内,7544,9413,1869,61,52%,-7313,4687,是
跨日均值回归,晶晨股份 sh.688099,样本外,773,1712,939,39,54%,-10193,14320,是
跨日均值回归,同花顺 sz.300033,样本内,-1655,97,1752,81,53%,-16735,-9618,否
跨日均值回归,同花顺 sz.300033,样本外,7499,8524,1025,36,56%,-10536,40590,是
跨日均值回归,今世缘 sh.603369,样本内,-1635,316,1951,69,45%,-12581,3624,否
跨日均值回归,今世缘 sh.603369,样本外,-4555,-3740,815,45,42%,-7751,-13784,否
跨日均值回归,古井贡酒 sz.000596,样本内,-6085,-3936,2149,66,41%,-9246,1058,否
跨日均值回归,古井贡酒 sz.000596,样本外,1388,2266,878,50,44%,-7511,-17386,是
跨日均值回归,5股合计,样本内,-2435,6720,9155,351,50%,-21293,-12365,否
跨日均值回归,5股合计,样本外,824,5364,4540,210,48%,-28615,52020,是
固定时刻 / 日内动量,中芯国际 sh.688981,样本内,-2799,856,3655,188,26%,-2945,-12116,否
固定时刻 / 日内动量,中芯国际 sh.688981,样本外,-2149,474,2623,117,40%,-2495,28280,否
固定时刻 / 日内动量,晶晨股份 sh.688099,样本内,-10663,-2947,7716,221,33%,-10975,4687,否
固定时刻 / 日内动量,晶晨股份 sh.688099,样本外,-943,1509,2452,100,54%,-2342,14320,否
固定时刻 / 日内动量,同花顺 sz.300033,样本内,-6151,-1959,4192,196,30%,-6431,-9618,否
固定时刻 / 日内动量,同花顺 sz.300033,样本外,-7907,-4536,3371,121,40%,-8138,40590,否
固定时刻 / 日内动量,今世缘 sh.603369,样本内,-10703,-3800,6903,236,31%,-10792,3624,否
固定时刻 / 日内动量,今世缘 sh.603369,样本外,-3226,-680,2546,141,29%,-3440,-13784,否
固定时刻 / 日内动量,古井贡酒 sz.000596,样本内,-11910,-4513,7397,223,31%,-12111,1058,否
固定时刻 / 日内动量,古井贡酒 sz.000596,样本外,-3020,-572,2448,140,31%,-3603,-17386,否
固定时刻 / 日内动量,5股合计,样本内,-42225,-12363,29862,1064,30%,-42742,-12365,否
固定时刻 / 日内动量,5股合计,样本外,-17245,-3805,13440,619,38%,-17508,52020,否
VWAP 偏离带·出场改造,中芯国际 sh.688981,样本内,-2805,294,3099,160,47%,-3965,-12116,否
VWAP 偏离带·出场改造,中芯国际 sh.688981,样本外,-1494,616,2110,100,53%,-4851,28280,否
VWAP 偏离带·出场改造,晶晨股份 sh.688099,样本内,314,3350,3036,92,46%,-6736,4687,是
VWAP 偏离带·出场改造,晶晨股份 sh.688099,样本外,1540,3172,1633,68,46%,-2301,14320,是
VWAP 偏离带·出场改造,同花顺 sz.300033,样本内,-3976,-280,3696,171,48%,-4626,-9618,否
VWAP 偏离带·出场改造,同花顺 sz.300033,样本外,-22557,-19936,2621,96,38%,-25287,40590,否
VWAP 偏离带·出场改造,今世缘 sh.603369,样本内,3555,7028,3473,115,56%,-2015,3624,是
VWAP 偏离带·出场改造,今世缘 sh.603369,样本外,-1023,740,1763,99,52%,-3227,-13784,否
VWAP 偏离带·出场改造,古井贡酒 sz.000596,样本内,3970,7702,3732,109,57%,-2472,1058,是
VWAP 偏离带·出场改造,古井贡酒 sz.000596,样本外,-3009,-1065,1944,112,51%,-4968,-17386,否
VWAP 偏离带·出场改造,5股合计,样本内,1057,18094,17037,647,50%,-6564,-12365,是
VWAP 偏离带·出场改造,5股合计,样本外,-26543,-16473,10071,475,48%,-27476,52020,否
隔夜/日内收益分解（新增）,中芯国际 sh.688981,样本内,-18226,650,18876,970,38%,-18855,-12116,否
隔夜/日内收益分解（新增）,中芯国际 sh.688981,样本外,-9698,1642,11340,519,46%,-11924,28280,否
隔夜/日内收益分解（新增）,晶晨股份 sh.688099,样本内,-60572,-27007,33565,970,41%,-61109,4687,否
隔夜/日内收益分解（新增）,晶晨股份 sh.688099,样本外,-20249,-7701,12548,526,44%,-20751,14320,否
隔夜/日内收益分解（新增）,同花顺 sz.300033,样本内,-19340,1464,20804,969,44%,-19678,-9618,否
隔夜/日内收益分解（新增）,同花顺 sz.300033,样本外,13221,27931,14710,523,54%,-3904,40590,是
隔夜/日内收益分解（新增）,今世缘 sh.603369,样本内,-15226,13324,28550,965,45%,-17961,3624,否
隔夜/日内收益分解（新增）,今世缘 sh.603369,样本外,-76,9356,9432,523,50%,-3800,-13784,否
隔夜/日内收益分解（新增）,古井贡酒 sz.000596,样本内,-20215,12210,32425,958,44%,-22928,1058,否
隔夜/日内收益分解（新增）,古井贡酒 sz.000596,样本外,3331,12452,9121,520,53%,-2764,-17386,是
隔夜/日内收益分解（新增）,5股合计,样本内,-133579,641,134220,4832,43%,-135552,-12365,否
隔夜/日内收益分解（新增）,5股合计,样本外,-13470,43680,57150,2611,49%,-22667,52020,否
