family,config,params,cost_bp_is,cost_bp_oos,edge_bp_is,edge_bp_oos,fees_is,fees_oos,gross_is,gross_oos,mdd_is,mdd_oos,net_is,net_oos,pos_stocks_is,pos_stocks_oos,pure_gross_is,pure_gross_oos,slip_is,slip_oos,sr_is,sr_oos,trips_is,trips_oos,win_is,win_oos
gap,gap#00,"{""theta"": 0.5, ""mode"": ""fade""}",20.0117,14.7846,37.1578,-21.1081,5237.7610,3829.8933,10818.8800,-9048.9400,-3081.3537,-14535.1502,5581.1190,-12878.8333,4,1,12095.0000,-7573.9000,1276.1200,1475.0400,0.0250,-0.0499,202,168,0.5842,0.4821
gap,gap#01,"{""theta"": 0.5, ""mode"": ""follow""}",19.9970,14.7889,-39.7587,8.5476,5227.1411,3830.8057,-14221.1000,1592.4400,-20855.3610,-10961.4306,-19448.2411,-2238.3657,1,2,-12939.9800,3065.4800,1281.1200,1473.0400,-0.0848,-0.0085,202,168,0.3317,0.4405
gap,gap#02,"{""theta"": 1.0, ""mode"": ""fade""}",18.6026,14.5998,33.3248,-169.1770,1202.5418,688.6197,2397.9600,-11274.3800,-3456.2422,-13965.6168,1195.4182,-11962.9997,3,0,2705.9200,-11012.6200,307.9600,261.7600,0.0084,-0.0560,46,32,0.5870,0.3750
gap,gap#03,"{""theta"": 1.0, ""mode"": ""follow""}",18.6264,14.6722,-50.8146,91.9077,1200.4891,691.7552,-4438.0800,5711.1200,-8611.9507,-3898.8806,-5638.5691,5019.3648,1,4,-4126.1200,5972.8800,311.9600,261.7600,-0.0404,0.0289,46,32,0.3043,0.5938
gap,gap#04,"{""theta"": 1.5, ""mode"": ""fade""}",18.1944,14.8027,7.4273,-368.3461,416.6731,262.9948,110.0400,-9078.8200,-3001.3444,-10052.8135,-306.6331,-9341.8148,4,2,211.5200,-8980.9000,101.4800,97.9200,-0.0026,-0.0568,16,13,0.5000,0.2308
gap,gap#05,"{""theta"": 1.5, ""mode"": ""follow""}",18.4079,15.1231,-25.1817,172.4581,417.1746,264.9204,-825.2000,4081.3800,-3828.9147,-1805.3808,-1242.3746,3816.4596,1,3,-717.7200,4183.3000,107.4800,101.9200,-0.0111,0.0342,16,13,0.3750,0.6154
grid,grid#00,"{""mode"": ""pct"", ""spacing"": 0.01, ""anchor"": ""open""}",19.1197,14.9077,0.8312,-9.6380,236483.5336,96581.1373,-48384.7400,-123979.0200,-285092.5237,-221318.3898,-284868.2736,-220560.1573,0,0,12946.3400,-86603.8400,61331.0800,37375.1800,-0.2251,-0.2550,6534,3464,0.6183,0.6282
grid,grid#01,"{""mode"": ""pct"", ""spacing"": 0.01, ""anchor"": ""vwap""}",19.2275,14.8392,1.8950,3.2244,191103.3453,73288.7142,-25525.8400,-6328.1600,-216629.1853,-80293.6586,-216629.1853,-79616.8742,0,0,23684.4800,22102.2600,49210.3200,28430.4200,-0.3570,-0.2060,6003,2972,0.4728,0.5266
grid,grid#02,"{""mode"": ""pct"", ""spacing"": 0.015, ""anchor"": ""open""}",19.1637,14.8665,4.1006,-6.3869,191894.8658,75944.7325,2095.6400,-74731.2800,-192918.1988,-156724.8267,-189799.2258,-150676.0125,0,0,51669.2600,-45280.0400,49573.6200,29451.2400,-0.1854,-0.1980,5506,2829,0.6297,0.6402
grid,grid#03,"{""mode"": ""pct"", ""spacing"": 0.015, ""anchor"": ""vwap""}",19.3416,14.7438,4.8106,4.2100,113124.3518,43589.1841,6363.5400,269.2200,-107061.1719,-43475.6070,-106760.8118,-43319.9641,0,1,35343.6000,17313.6200,28980.0600,17044.4000,-0.2418,-0.1142,3528,1745,0.4932,0.5713
grid,grid#04,"{""mode"": ""pct"", ""spacing"": 0.02, ""anchor"": ""open""}",19.2051,14.8084,5.1528,-5.2809,147333.2830,56865.6724,11705.7200,-50264.2800,-135822.9690,-109749.0972,-135627.5630,-107129.9524,0,0,49732.8400,-28161.4200,38027.1200,22102.8600,-0.1547,-0.1714,4294,2144,0.6402,0.6632
grid,grid#05,"{""mode"": ""pct"", ""spacing"": 0.02, ""anchor"": ""vwap""}",19.4019,14.6586,8.3872,5.4996,62308.0338,25382.8177,17907.9200,3311.6600,-51156.4126,-25335.5325,-44400.1138,-22071.1577,0,1,33808.9000,13253.0000,15900.9800,9941.3400,-0.1346,-0.0674,1922,1008,0.5219,0.5913
grid,grid#06,"{""mode"": ""atr"", ""spacing"": 3, ""anchor"": ""open""}",19.1793,15.0286,1.5997,-7.1023,198878.9698,88220.1120,-30453.6000,-92037.4600,-229332.5698,-180408.9493,-229332.5698,-180257.5720,0,0,20869.2000,-57848.7200,51322.8000,34188.7400,-0.2392,-0.2406,6035,3380,0.5975,0.6160
grid,grid#07,"{""mode"": ""atr"", ""spacing"": 3, ""anchor"": ""vwap""}",19.3017,15.1348,5.5845,0.7578,109186.0836,52153.4648,11747.9400,-16559.0800,-99169.5192,-68712.5448,-97438.1436,-68712.5448,0,0,39668.6800,3621.6000,27920.7400,20180.6800,-0.2593,-0.2271,3844,2267,0.4417,0.4579
grid,grid#08,"{""mode"": ""atr"", ""spacing"": 5, ""anchor"": ""open""}",19.1910,15.0778,5.7264,-8.1862,106864.1706,49701.2727,12564.4800,-56684.6400,-98803.9634,-106483.3489,-94299.6906,-106385.9127,0,0,40105.0800,-37435.5200,27540.6000,19249.1200,-0.1525,-0.2123,3502,2021,0.5917,0.5928
grid,grid#09,"{""mode"": ""atr"", ""spacing"": 5, ""anchor"": ""vwap""}",19.6004,15.2774,8.8736,0.0114,25032.0095,15177.1607,7882.8400,-5803.9200,-18479.2092,-21162.8048,-17149.1695,-20981.0807,0,1,14186.5200,15.6000,6303.6800,5819.5200,-0.0918,-0.0892,935,683,0.4941,0.5622
grid,grid#10,"{""mode"": ""atr"", ""spacing"": 8, ""anchor"": ""open""}",19.2420,15.1742,4.3989,-6.6160,39281.8490,20633.1753,1207.3800,-20467.9200,-40594.0133,-41159.6461,-38074.4690,-41101.0953,0,1,11283.8400,-12479.2400,10076.4600,7988.6800,-0.1075,-0.1213,1387,872,0.6099,0.6055
grid,grid#11,"{""mode"": ""atr"", ""spacing"": 8, ""anchor"": ""vwap""}",20.1842,15.0130,-0.7820,21.9248,4478.1407,4095.9362,-1263.3600,6699.1400,-6518.2889,-4199.2142,-5741.5007,2603.2038,0,3,-214.1600,8257.5400,1049.2000,1558.4000,-0.0607,0.0208,178,174,0.4888,0.5747
grid,grid#12,"{""mode"": ""pct"", ""spacing"": 0.02, ""anchor"": ""ma10"", ""max_hold_days"": 5}",19.0575,14.9860,6.1777,-9.1564,153154.0284,59784.1441,22713.2200,-73961.4400,-135320.1842,-163810.8527,-130440.8084,-133745.5841,1,0,62564.2000,-50725.2800,39850.9800,23236.1600,-0.0709,-0.0817,3167,1573,0.6738,0.6879
grid,grid#13,"{""mode"": ""pct"", ""spacing"": 0.03, ""anchor"": ""ma10"", ""max_hold_days"": 5}",19.1410,14.9361,10.2206,-6.4414,125718.3721,49523.6402,51949.7600,-48907.3800,-74054.5640,-127897.3803,-73768.6121,-98431.0202,1,0,84520.2000,-29659.0200,32570.4400,19248.3600,-0.0500,-0.0668,2969,1491,0.6659,0.6968
grid,grid#14,"{""mode"": ""pct"", ""spacing"": 0.05, ""anchor"": ""ma10"", ""max_hold_days"": 5}",19.1540,14.8766,17.2397,-12.3376,75014.9973,29024.1801,65574.4200,-44844.3600,-38235.8579,-91550.6271,-9440.5773,-73868.5401,2,0,85017.7800,-33488.3800,19443.3600,11355.9800,-0.0096,-0.0594,2138,1065,0.6749,0.6920
grid,grid#15,"{""mode"": ""datr"", ""spacing"": 0.5, ""anchor"": ""ma10"", ""max_hold_days"": 5}",19.1459,14.9936,2.7851,-11.2121,155496.8721,61522.5614,-11673.2800,-87609.3200,-167617.1360,-174291.0997,-167170.1521,-149131.8814,0,0,28457.3800,-63806.0200,40130.6600,23803.3000,-0.0970,-0.0921,3254,1691,0.6589,0.6848
grid,grid#16,"{""mode"": ""datr"", ""spacing"": 1.0, ""anchor"": ""ma10"", ""max_hold_days"": 5}",19.0028,15.0804,9.2537,-18.3149,98387.8070,38936.4044,34714.6000,-80547.0200,-64908.6926,-131810.6871,-63673.2070,-119483.4244,0,0,60437.2000,-65528.0200,25722.6000,15019.0000,-0.0607,-0.0950,2697,1291,0.6452,0.6747
grid,grid#17,"{""mode"": ""datr"", ""spacing"": 1.5, ""anchor"": ""ma10"", ""max_hold_days"": 5}",19.0370,15.2333,14.6108,-22.9152,55874.3028,22910.2537,39451.5200,-56808.5600,-28886.9680,-85044.9708,-16422.7828,-79718.8137,1,0,54211.8400,-47885.8800,14760.3200,8922.6800,-0.0264,-0.0754,1875,933,0.6469,0.6517
orb,orb#00,"{""n_or"": 6, ""buffer"": 0.0, ""sides"": ""both""}",19.2006,15.0283,-4.8337,-1.6914,105248.6390,46569.5734,-60565.0000,-25239.1000,-172748.3639,-79575.2863,-165813.6390,-71808.6734,0,0,-33347.6600,-7264.1400,27217.3400,17974.9600,-0.2559,-0.1374,3815,2118,0.3913,0.4056
orb,orb#01,"{""n_or"": 6, ""buffer"": 0.0, ""sides"": ""zheng""}",19.3160,14.9422,-5.2104,-2.2871,53780.2270,24690.5647,-32038.9600,-14785.3400,-91118.2262,-48160.0931,-85819.1870,-39475.9047,0,0,-18231.4800,-5240.1800,13807.4800,9545.1600,-0.1623,-0.0855,1940,1102,0.3572,0.3639
orb,orb#02,"{""n_or"": 6, ""buffer"": 0.5, ""sides"": ""both""}",19.2185,15.0336,-9.0390,-2.0037,92229.7463,40571.9730,-78396.3000,-23124.2600,-176214.5316,-71678.8431,-170626.0463,-63696.2330,0,0,-54579.7400,-7491.1400,23816.5600,15633.1200,-0.2787,-0.1282,3363,1848,0.3925,0.4215
orb,orb#03,"{""n_or"": 6, ""buffer"": 0.5, ""sides"": ""zheng""}",19.3245,14.9470,-10.4826,0.3079,46500.9105,20861.1868,-43617.0400,-7450.2400,-94869.5605,-37026.1399,-90117.9505,-28311.4268,0,0,-31692.8000,595.5400,11924.2400,8045.7800,-0.1810,-0.0649,1685,932,0.3602,0.3830
orb,orb#04,"{""n_or"": 6, ""buffer"": 1.0, ""sides"": ""both""}",19.1908,15.0464,-13.2915,0.5987,77537.0296,33875.7209,-87594.4600,-11183.6000,-169498.0073,-52389.7001,-165131.4896,-45059.3209,0,0,-67570.5600,1867.2000,20023.9000,13050.8000,-0.2936,-0.0905,2832,1543,0.3824,0.4401
orb,orb#05,"{""n_or"": 6, ""buffer"": 1.0, ""sides"": ""zheng""}",19.3063,14.9632,-13.2456,3.2474,39221.7008,17434.5004,-43831.9800,-1466.7200,-86519.0933,-27556.8188,-83053.6808,-18901.2204,0,1,-33795.2200,5239.1400,10036.7600,6705.8600,-0.1799,-0.0430,1426,779,0.3541,0.4146
orb,orb#06,"{""n_or"": 12, ""buffer"": 0.0, ""sides"": ""both""}",19.2063,15.0089,-4.4532,1.3118,80709.7230,37249.1226,-44484.5600,-9865.1400,-130374.6374,-54897.9179,-125194.2830,-47114.2626,0,0,-23564.3000,4512.1800,20920.2600,14377.3200,-0.2445,-0.1036,2944,1686,0.3927,0.4217
orb,orb#07,"{""n_or"": 12, ""buffer"": 0.0, ""sides"": ""zheng""}",19.3553,14.9094,-4.9310,-0.6417,38501.8367,18391.8611,-22203.3400,-8209.5800,-63213.1855,-35182.1702,-60705.1767,-26601.4411,0,0,-12325.3200,-1097.6600,9878.0200,7111.9200,-0.1456,-0.0692,1391,815,0.3638,0.3926
orb,orb#08,"{""n_or"": 12, ""buffer"": 0.5, ""sides"": ""both""}",19.2609,15.0327,-10.1369,3.4559,67130.3006,30376.1010,-61810.2000,-2051.7600,-134903.4872,-38984.1239,-128940.5006,-32427.8610,0,0,-44461.2000,9680.2000,17349.0000,11731.9600,-0.2710,-0.0779,2462,1382,0.3826,0.4356
orb,orb#09,"{""n_or"": 12, ""buffer"": 0.5, ""sides"": ""zheng""}",19.4131,14.9330,-8.6469,2.1876,31974.4727,15227.3794,-26053.2600,-2792.0800,-60994.4925,-25720.4554,-58027.7327,-18019.4594,0,1,-17881.6200,3092.7400,8171.6400,5884.8200,-0.1522,-0.0505,1163,676,0.3551,0.4038
orb,orb#10,"{""n_or"": 12, ""buffer"": 1.0, ""sides"": ""both""}",19.3099,15.0485,-15.0189,5.0083,52611.1537,23894.6484,-64941.3000,1825.1200,-122295.3860,-29409.6133,-117552.4537,-22069.5284,0,1,-51429.3600,11008.6800,13511.9400,9183.5600,-0.2680,-0.0541,1943,1091,0.3783,0.4400
orb,orb#11,"{""n_or"": 12, ""buffer"": 1.0, ""sides"": ""zheng""}",19.4653,14.9616,-14.2941,7.3619,26071.0607,12406.8913,-30611.4400,3686.6600,-58946.2819,-16969.2556,-56682.5007,-8720.2313,0,1,-23999.9600,8447.4000,6611.4800,4760.7400,-0.1593,-0.0243,956,555,0.3567,0.4216
overnight,overnight#00,"{""side"": ""long"", ""exit"": ""open""}",19.2227,15.0539,-4.0161,-12.5065,134101.9113,57066.4871,-69854.7400,-87766.3800,-207810.0023,-145628.1337,-203956.6513,-144832.8671,0,0,-35247.8000,-65722.9800,34606.9400,22043.4000,-0.3161,-0.2965,4832,2611,0.3200,0.2945
overnight,overnight#01,"{""side"": ""long"", ""exit"": ""955""}",19.2223,15.0543,2.0085,4.0185,134156.7205,57125.8985,-16966.1200,-916.5000,-156913.6583,-66038.7910,-151122.8405,-58042.3985,0,1,17633.1800,21134.9000,34599.3000,22051.4000,-0.1365,-0.0837,4832,2611,0.4191,0.4190
overnight,overnight#02,"{""side"": ""short"", ""exit"": ""open""}",19.2362,15.0698,4.0161,12.5065,134220.0770,57149.8793,640.8600,43679.5800,-135551.7293,-22667.4510,-133579.2170,-13470.2993,0,2,35247.8000,65722.9800,34606.9400,22043.4000,-0.2060,-0.0276,4832,2611,0.4253,0.4948
overnight,overnight#03,"{""side"": ""short"", ""exit"": ""955""}",19.2297,15.0619,-2.0034,-4.0185,134224.5061,57165.8907,-52184.4800,-43186.3000,-190737.3379,-111543.2437,-186408.9861,-100352.1907,0,0,-17588.1800,-21134.9000,34596.3000,22051.4000,-0.1678,-0.1444,4832,2611,0.4563,0.4772
tod,tod#00,"{""mode"": ""fixed"", ""side"": ""dao"", ""entry"": 935, ""exit"": ""1125""}",19.2212,15.0553,-3.2720,-15.4601,134790.3935,57483.5191,-63574.2000,-103969.5800,-207392.7779,-164234.4613,-198364.5935,-161453.0991,0,0,-28855.1000,-81797.4400,34719.1000,22172.1400,-0.1727,-0.2265,4853,2632,0.4605,0.4761
tod,tod#01,"{""mode"": ""fixed"", ""side"": ""dao"", ""entry"": 935, ""exit"": ""EOD""}",19.2262,15.0607,-1.2956,-7.8579,134790.7081,57475.9697,-46170.5200,-63737.3000,-191732.5502,-128463.7571,-180961.2281,-121213.2697,0,0,-11424.6800,-41559.1600,34745.8400,22178.1400,-0.1351,-0.1204,4853,2632,0.4764,0.4935
tod,tod#02,"{""mode"": ""fixed"", ""side"": ""dao"", ""entry"": 1000, ""exit"": ""1125""}",19.2246,15.0568,0.7092,-7.7778,134720.5852,57534.2504,-28465.5400,-63378.1600,-172618.4511,-123003.4960,-163186.1252,-120912.4104,0,0,6250.3000,-41184.3800,34715.8400,22193.7800,-0.1974,-0.2175,4850,2633,0.4577,0.4679
tod,tod#03,"{""mode"": ""fixed"", ""side"": ""dao"", ""entry"": 1000, ""exit"": ""EOD""}",19.2290,15.0614,2.6551,-0.4893,134720.9750,57527.1275,-11338.8600,-24785.8800,-157225.3829,-94945.3396,-146059.8350,-82313.0075,0,0,23398.7200,-2590.1000,34737.5800,22195.7800,-0.1370,-0.0941,4850,2633,0.4804,0.5101
tod,tod#04,"{""mode"": ""fixed"", ""side"": ""dao"", ""entry"": 1030, ""exit"": ""1125""}",19.2243,15.0514,1.9104,-8.4518,134588.4413,57504.8399,-17850.6400,-66902.9800,-156086.4771,-125316.6233,-152439.0813,-124407.8199,0,0,16820.1000,-44737.4800,34670.7400,22165.5000,-0.2557,-0.2846,4846,2631,0.4278,0.4257
tod,tod#05,"{""mode"": ""fixed"", ""side"": ""dao"", ""entry"": 1030, ""exit"": ""EOD""}",19.2278,15.0576,3.9162,-0.6802,134588.6917,57497.0576,-207.9600,-25774.7000,-140378.3587,-88054.7984,-134796.6517,-83271.7576,0,0,34476.5200,-3599.2000,34684.4800,22175.5000,-0.1457,-0.1019,4846,2631,0.4761,0.4979
tod,tod#06,"{""mode"": ""fixed"", ""side"": ""zheng"", ""entry"": 935, ""exit"": ""1125""}",19.2273,15.0618,3.3271,15.1345,134831.4418,57523.4555,-5391.0000,57908.3000,-140893.7970,-33827.2549,-140222.4418,384.8445,0,1,29341.1000,80073.4400,34732.1000,22165.1400,-0.1222,0.0005,4853,2632,0.4245,0.4248
tod,tod#07,"{""mode"": ""fixed"", ""side"": ""zheng"", ""entry"": 935, ""exit"": ""EOD""}",19.2277,15.0668,1.2499,6.3467,134809.4866,57492.5062,-23718.1600,11376.3800,-161099.5784,-66567.0183,-158527.6466,-46116.1262,0,1,11021.6800,33564.1600,34739.8400,22187.7800,-0.1184,-0.0465,4853,2632,0.4259,0.4286
tod,tod#08,"{""mode"": ""fixed"", ""side"": ""zheng"", ""entry"": 1000, ""exit"": ""1125""}",19.2261,15.0594,-0.7121,7.7991,134726.0035,57554.9054,-41000.1400,19110.6000,-175726.1435,-60486.7384,-175726.1435,-38444.3054,0,1,-6276.3000,41297.3800,34723.8400,22186.7800,-0.2127,-0.0692,4850,2633,0.3903,0.3863
tod,tod#09,"{""mode"": ""fixed"", ""side"": ""zheng"", ""entry"": 1000, ""exit"": ""EOD""}",19.2266,15.0645,-2.7380,-1.0633,134704.6413,57523.6399,-58860.3000,-27837.3200,-193914.3347,-96871.4869,-193564.9413,-85360.9599,0,0,-24128.7200,-5627.9000,34731.5800,22209.4200,-0.1816,-0.0990,4850,2633,0.4064,0.3957
tod,tod#10,"{""mode"": ""fixed"", ""side"": ""zheng"", ""entry"": 1030, ""exit"": ""1125""}",19.2233,15.0557,-1.9525,8.1049,134579.8916,57526.1988,-51861.8400,20734.9800,-186441.7316,-60470.0331,-186441.7316,-36791.2188,0,1,-17191.1000,42900.4800,34670.7400,22165.5000,-0.3129,-0.0848,4846,2631,0.3494,0.3717
tod,tod#11,"{""mode"": ""fixed"", ""side"": ""zheng"", ""entry"": 1030, ""exit"": ""EOD""}",19.2237,15.0601,-3.9543,-0.7966,134558.8241,57494.7407,-69490.0000,-26399.9400,-204974.2401,-98391.8163,-204048.8241,-83894.6807,0,0,-34811.5200,-4214.8000,34678.4800,22185.1400,-0.2204,-0.1049,4846,2631,0.3873,0.3930
tod,tod#12,"{""mode"": ""fixed"", ""side"": ""dao"", ""entry"": 1300, ""exit"": ""EOD""}",0.0000,0.0000,0.0000,0.0000,0.0000,0.0000,0.0000,0.0000,0.0000,0.0000,0.0000,0.0000,0,0,0.0000,0.0000,0.0000,0.0000,0.0000,0.0000,0,0,0.0000,0.0000
tod,tod#13,"{""mode"": ""fixed"", ""side"": ""zheng"", ""entry"": 1300, ""exit"": ""EOD""}",0.0000,0.0000,0.0000,0.0000,0.0000,0.0000,0.0000,0.0000,0.0000,0.0000,0.0000,0.0000,0,0,0.0000,0.0000,0.0000,0.0000,0.0000,0.0000,0,0,0.0000,0.0000
tod,tod#14,"{""mode"": ""mom"", ""theta"": 0.0}",19.2276,15.0542,-0.7874,0.1901,133560.8535,57036.8860,-41328.2400,-21018.9000,-175354.0552,-78216.8924,-174889.0935,-78055.7860,0,0,-6879.8600,998.2400,34448.3800,22017.1400,-0.6718,-0.4263,4809,2606,0.2994,0.3361
tod,tod#15,"{""mode"": ""mom"", ""theta"": 0.25}",19.1384,15.0981,-1.5930,2.8060,67909.8365,30088.8091,-24705.2200,-3865.2400,-92999.2581,-34054.0163,-92615.0565,-33954.0491,0,0,-7116.4800,7750.8200,17588.7400,11616.0600,-0.4483,-0.2124,2445,1376,0.3035,0.3670
tod,tod#16,"{""mode"": ""mom"", ""theta"": 0.5}",19.1081,15.1261,-2.3119,1.1262,29862.1383,13439.9934,-12362.9000,-3805.3000,-42742.4244,-17507.6719,-42225.0383,-17245.2934,0,0,-4557.3800,1387.3200,7805.5200,5192.6200,-0.2788,-0.1531,1064,619,0.3045,0.3780
vwap_eod,vwap_eod#00,"{""k"": 3.0, ""s"": 4.0}",19.1176,15.0495,10.0236,-3.4865,63607.3294,30253.1149,25547.4800,-21320.5000,-41025.4592,-63067.9785,-38059.8494,-51573.6149,0,0,41950.4800,-9700.5800,16403.0000,11619.9200,-0.0678,-0.1255,2289,1381,0.4814,0.4106
vwap_eod,vwap_eod#01,"{""k"": 3.0, ""s"": 8.0}",19.1175,15.0506,11.7682,-7.4228,63601.9479,30254.4206,32848.0200,-32281.9800,-39682.0350,-73001.2416,-30753.9279,-62536.4006,0,0,49245.0200,-20655.2400,16397.0000,11626.7400,-0.0512,-0.1326,2289,1381,0.4972,0.4330
vwap_eod,vwap_eod#02,"{""k"": 3.0, ""s"": 0.0}",19.1195,15.0474,13.4755,-7.7810,63604.5084,30255.2999,39986.7000,-33276.3400,-34255.2661,-75827.0512,-23617.8084,-63531.6399,1,0,56389.7000,-21654.6000,16403.0000,11621.7400,-0.0397,-0.1248,2289,1381,0.4985,0.4366
vwap_eod,vwap_eod#03,"{""k"": 4.0, ""s"": 4.0}",19.3818,15.1671,15.2910,-9.9214,33092.6200,17498.5572,24334.5400,-22579.5200,-14679.6109,-40505.7992,-8758.0800,-40078.0772,2,0,32736.9600,-15849.1200,8402.4200,6730.4000,-0.0220,-0.1278,1221,814,0.4922,0.4472
vwap_eod,vwap_eod#04,"{""k"": 4.0, ""s"": 8.0}",19.3804,15.1663,15.4824,-10.8848,33088.7927,17499.7845,24744.6400,-24120.2600,-13765.3634,-42104.7670,-8344.1527,-41620.0445,3,1,33142.0600,-17389.8600,8397.4200,6730.4000,-0.0200,-0.1164,1221,814,0.5094,0.4693
vwap_eod,vwap_eod#05,"{""k"": 4.0, ""s"": 0.0}",19.3845,15.1640,17.9972,-11.1353,33090.6345,17498.7260,30120.9800,-24520.6400,-12366.7020,-42504.0886,-2969.6545,-42019.3660,3,1,38525.4000,-17791.2400,8404.4200,6729.4000,-0.0071,-0.1070,1221,814,0.5119,0.4767
vwap_eod,vwap_eod#06,"{""k"": 5.0, ""s"": 4.0}",19.5305,15.2829,17.0166,-7.4819,17038.6481,10069.1667,14292.9400,-10701.8600,-10056.5741,-20814.9916,-2745.7081,-20771.0267,3,2,18585.4600,-6826.6200,4292.5200,3875.2400,-0.0102,-0.0815,647,475,0.4791,0.4463
vwap_eod,vwap_eod#07,"{""k"": 5.0, ""s"": 8.0}",19.5241,15.2836,17.0178,-5.2533,17035.9397,10069.7923,14299.1400,-8668.4200,-8328.9384,-19457.4371,-2736.7997,-18738.2123,3,2,18583.6600,-4793.1800,4284.5200,3875.2400,-0.0095,-0.0669,647,475,0.4977,0.4758
vwap_eod,vwap_eod#08,"{""k"": 5.0, ""s"": 0.0}",19.5325,15.2707,20.5008,-13.8043,17036.8622,10070.7237,18094.1600,-16472.5000,-6563.8705,-27476.4506,1057.2978,-26543.2237,3,1,22386.6800,-12602.2600,4292.5200,3870.2400,0.0036,-0.0818,647,475,0.5023,0.4800
xday_mr,xday_mr#00,"{""anchor"": ""ma20"", ""theta"": 1.0, ""max_hold_days"": 2}",19.1662,15.1324,6.7727,29.8128,30550.5748,13255.4067,5674.4800,31070.5600,-47604.7340,-19106.1977,-24876.0948,17815.1533,1,3,13594.1200,36178.8000,7919.6400,5108.2400,-0.0282,0.0257,1129,614,0.4898,0.5049
xday_mr,xday_mr#01,"{""anchor"": ""ma20"", ""theta"": 1.0, ""max_hold_days"": 5}",19.1845,15.1018,8.6056,3.3686,19647.4502,8504.7665,6000.6600,-642.5600,-45606.8572,-34546.7147,-13646.7902,-9147.3265,1,2,11101.1600,2626.1600,5100.5000,3268.7200,-0.0132,-0.0119,717,393,0.5174,0.5013
xday_mr,xday_mr#02,"{""anchor"": ""ma20"", ""theta"": 1.5, ""max_hold_days"": 2}",19.0672,15.1601,12.2179,48.7508,20914.4890,9883.7686,11432.7400,40194.0400,-25464.2854,-18466.2557,-9481.7490,30310.2714,2,4,16913.7200,43989.8200,5480.9800,3795.7800,-0.0135,0.0491,791,458,0.4893,0.4978
xday_mr,xday_mr#03,"{""anchor"": ""ma20"", ""theta"": 1.5, ""max_hold_days"": 5}",19.1560,15.1343,3.8600,37.9874,13895.6298,6506.6703,-107.6800,20101.8800,-31996.8450,-23788.6446,-14003.3098,13595.2097,1,2,3533.7600,22598.5800,3641.4400,2496.7000,-0.0156,0.0198,522,300,0.4904,0.5000
xday_mr,xday_mr#04,"{""anchor"": ""ma20"", ""theta"": 2.0, ""max_hold_days"": 2}",19.0931,15.1867,0.3469,41.3537,13096.9708,6516.5858,-3128.6600,22052.6600,-25857.0448,-18042.3050,-16225.6308,15536.0742,1,4,300.2600,24552.8000,3428.9200,2500.1400,-0.0299,0.0284,506,302,0.4723,0.4768
xday_mr,xday_mr#05,"{""anchor"": ""ma20"", ""theta"": 2.0, ""max_hold_days"": 5}",19.1518,15.1852,15.1132,17.1745,9155.4903,4539.7594,6720.1600,5363.7400,-21293.1249,-28615.3476,-2435.3303,823.9806,1,3,9113.4000,7113.8000,2393.2400,1750.0600,-0.0035,0.0013,351,210,0.4986,0.4810
xday_mr,xday_mr#06,"{""anchor"": ""pvwap"", ""theta"": 1.0, ""max_hold_days"": 2}",19.2195,15.0841,3.6837,8.9017,15202.5441,7385.8207,-279.8200,3199.2400,-17284.5115,-21118.7416,-15482.3641,-4186.5807,1,2,3671.0600,6028.0600,3950.8800,2828.8200,-0.0327,-0.0121,563,341,0.6536,0.6393
xday_mr,xday_mr#07,"{""anchor"": ""pvwap"", ""theta"": 1.0, ""max_hold_days"": 5}",19.2192,15.0846,6.2923,11.1298,15203.7563,7385.9252,2321.5600,4707.8800,-16843.1642,-19682.5951,-12882.1963,-2678.0452,1,3,6270.6200,7536.7000,3949.0600,2828.8200,-0.0270,-0.0077,563,341,0.6554,0.6422
xday_mr,xday_mr#08,"{""anchor"": ""pvwap"", ""theta"": 1.5, ""max_hold_days"": 2}",19.7481,15.0128,-0.1764,20.5098,4999.3917,2685.5622,-1301.3400,4043.4800,-12076.0784,-11645.7180,-6300.7317,1357.9178,2,2,-55.7800,5066.5200,1245.5600,1023.0400,-0.0220,0.0053,197,122,0.6345,0.6393
xday_mr,xday_mr#09,"{""anchor"": ""pvwap"", ""theta"": 1.5, ""max_hold_days"": 5}",19.7453,15.0144,1.4502,25.5900,4999.6295,2685.6150,-785.9600,5297.8600,-11873.7840,-10801.7805,-5785.5895,2612.2450,2,2,458.6000,6320.9000,1244.5600,1023.0400,-0.0200,0.0103,197,122,0.6396,0.6393
xday_mr,xday_mr#10,"{""anchor"": ""pvwap"", ""theta"": 2.0, ""max_hold_days"": 2}",20.0836,15.0209,29.9447,-7.3375,1650.7691,1271.8233,2656.7000,-1344.2000,-3509.9095,-13989.4095,1005.9309,-2616.0233,2,2,3054.6600,-858.5200,397.9600,485.6800,0.0074,-0.0122,68,57,0.6471,0.6316
xday_mr,xday_mr#11,"{""anchor"": ""pvwap"", ""theta"": 2.0, ""max_hold_days"": 5}",20.0835,15.0239,29.0198,-2.0380,1650.6845,1271.7477,2562.2400,-724.0800,-3595.8226,-13273.4067,911.5555,-1995.8277,2,2,2960.2000,-238.4000,397.9600,485.6800,0.0067,-0.0093,68,57,0.6471,0.6316
