code,name,board,days,trade_frac,ever_st,px_start,is_drift,range_med,eff_med,score,eligible,picked
sh.688099,晶晨股份,star,971,1.00000,0,54.37000,0.14721,0.04365,0.41451,1.85882,True,True
sh.688366,昊海生科,star,971,1.00000,0,145.45000,-0.35533,0.04272,0.42105,1.79412,True,False
sh.688116,天奈科技,star,971,1.00000,0,51.65000,-0.44161,0.04986,0.43000,1.77647,True,False
sh.688198,佰仁医疗,star,971,1.00000,0,117.20000,0.26019,0.04090,0.42453,1.75294,True,False
sz.000596,古井贡酒,main,971,1.00000,0,193.80000,0.01773,0.03489,0.41000,1.71176,True,True
sh.688599,天合光能,star,971,1.00000,0,17.00000,0.06022,0.04410,0.43056,1.70000,True,False
sh.688157,松井股份,star,961,0.98970,0,90.64000,-0.46860,0.04451,0.43220,1.68824,True,False
sh.688019,安集科技,star,971,1.00000,0,378.30000,-0.29319,0.04631,0.43431,1.68235,True,False
sz.000568,泸州老窖,main,971,1.00000,0,120.00000,0.22496,0.03361,0.41205,1.65294,True,False
sh.603369,今世缘,main,971,1.00000,0,44.40000,0.09728,0.03417,0.41791,1.62353,True,True
sz.300033,同花顺,chinext,971,1.00000,0,150.52000,-0.32811,0.03429,0.42680,1.58235,True,True
sh.688318,财富趋势,star,971,1.00000,0,303.70000,-0.26812,0.03943,0.43307,1.57059,True,False
sh.688037,芯源微,star,971,1.00000,0,116.62000,0.20445,0.05233,0.44327,1.57059,True,False
sh.688139,海尔生物,star,971,1.00000,0,69.80000,-0.47642,0.04072,0.43824,1.52941,True,False
sh.688018,乐鑫科技,star,971,1.00000,0,178.00000,-0.14744,0.04453,0.44216,1.52353,True,False
sh.688357,建龙微纳,star,970,0.99897,0,55.20000,-0.46384,0.04363,0.44140,1.51765,True,False
sz.300408,三环集团,chinext,971,1.00000,0,28.00000,0.17997,0.03172,0.41667,1.50588,True,False
sz.002493,荣盛石化,main,969,0.99794,0,17.01000,-0.32636,0.03173,0.42045,1.50000,True,False
sh.600048,保利发展,main,971,1.00000,0,16.25000,-0.37964,0.03020,0.41304,1.48824,True,False
sh.688138,清溢光电,star,971,1.00000,0,36.02000,-0.48205,0.04078,0.44068,1.48824,True,False
sz.002311,海大集团,main,971,1.00000,0,56.70000,-0.20908,0.02909,0.40566,1.47647,True,False
sz.001979,招商蛇口,main,960,0.98867,0,17.39000,-0.42615,0.03251,0.42857,1.47647,True,False
sh.688003,天准科技,star,971,1.00000,0,29.16000,0.11810,0.03888,0.44048,1.45294,True,False
sh.688310,迈得医疗,star,971,1.00000,0,40.90000,-0.46394,0.04156,0.44355,1.44118,True,False
sh.688036,传音控股,star,971,1.00000,0,104.91000,0.19287,0.04566,0.44529,1.43529,True,False
sh.601100,恒立液压,main,971,1.00000,0,61.97000,-0.22532,0.03465,0.43860,1.39412,True,False
sz.000708,中信特钢,main,971,1.00000,0,18.41000,-0.23513,0.03044,0.42857,1.38235,True,False
sh.688268,华特气体,star,971,1.00000,0,89.19000,-0.44606,0.04295,0.44554,1.37647,True,False
sz.000786,北新建材,main,971,1.00000,0,31.81000,-0.06156,0.03316,0.43624,1.37059,True,False
sz.002230,科大讯飞,main,971,1.00000,0,37.23000,0.02486,0.03154,0.42994,1.37059,True,False
sz.002304,洋河股份,main,971,1.00000,0,135.30000,-0.33935,0.02771,0.41388,1.36471,True,False
sh.601021,春秋航空,main,971,1.00000,0,41.31000,0.32797,0.03083,0.42918,1.35882,True,False
sz.002032,苏泊尔,main,971,1.00000,0,84.70000,-0.30145,0.02784,0.41463,1.35882,True,False
sz.002739,儒意电影,main,965,0.99382,0,18.29000,-0.48001,0.02985,0.42857,1.34706,True,False
sh.688368,晶丰明源,star,960,0.98867,0,97.79000,-0.31948,0.05227,0.45302,1.34118,True,False
sh.688012,中微公司,star,971,1.00000,0,205.23000,-0.29150,0.03979,0.44521,1.33529,True,False
sz.002466,天齐锂业,main,970,0.99897,0,26.26000,0.25068,0.04311,0.44828,1.32941,True,False
sh.600346,恒力石化,main,971,1.00000,0,16.86000,-0.11414,0.02913,0.42857,1.31765,True,False
sh.688278,特宝生物,star,971,1.00000,0,60.30000,-0.14551,0.03796,0.44444,1.31471,True,False
sh.688100,威胜信息,star,971,1.00000,0,25.75000,0.37665,0.03834,0.44595,1.29412,True,False
sz.000703,恒逸石化,main,971,1.00000,0,11.01000,-0.33458,0.02590,0.40000,1.28824,True,False
sh.688396,华润微,star,971,1.00000,0,48.80000,-0.21802,0.03201,0.43868,1.27059,True,False
sh.601808,中海油服,main,971,1.00000,0,14.61000,0.04436,0.02853,0.42857,1.26471,True,False
sh.603833,欧派家居,main,971,1.00000,0,90.01000,-0.45587,0.03746,0.44714,1.24118,True,False
sz.002050,三花智控,main,971,1.00000,0,22.94000,-0.16156,0.03715,0.44615,1.24118,True,False
sh.600085,同仁堂,main,971,1.00000,0,27.30000,0.44700,0.02863,0.43056,1.24118,True,False
sh.688111,金山办公,star,971,1.00000,0,397.80000,-0.47065,0.04641,0.45776,1.23529,True,False
sz.300124,汇川技术,chinext,971,1.00000,0,52.00000,0.44298,0.03217,0.44211,1.21765,True,False
sh.688200,华峰测控,star,971,1.00000,0,268.00000,-0.22488,0.04801,0.45998,1.21176,True,False
sh.688398,赛特新材,star,971,1.00000,0,58.35000,-0.47124,0.03735,0.44944,1.20000,True,False
sh.688123,聚辰股份,star,971,1.00000,0,79.56000,-0.02597,0.04605,0.45860,1.20000,True,False
sh.688078,龙软科技,star,971,1.00000,0,41.21000,-0.49069,0.04380,0.45724,1.18824,True,False
sh.600176,中国巨石,main,961,0.98970,0,11.69000,0.09397,0.02876,0.43478,1.18824,True,False
sh.688007,光峰科技,star,971,1.00000,0,26.70000,-0.44134,0.03986,0.45349,1.18235,True,False
sz.300014,亿纬锂能,chinext,971,1.00000,0,59.14000,-0.30009,0.04251,0.45455,1.18235,True,False
sh.688008,澜起科技,star,971,1.00000,0,88.27000,-0.35543,0.03823,0.45201,1.17647,True,False
sh.600233,圆通速递,main,971,1.00000,0,15.93000,-0.09535,0.02801,0.43243,1.17353,True,False
sh.600998,九州通,main,971,1.00000,0,18.41000,-0.24636,0.02332,0.40000,1.17059,True,False
sz.002714,牧原股份,main,971,1.00000,0,92.01000,-0.31904,0.02878,0.43902,1.12941,True,False
sz.002938,鹏鼎控股,main,971,1.00000,0,48.32000,-0.21390,0.03433,0.44949,1.12941,True,False
sh.600482,中国动力,main,971,1.00000,0,20.84000,0.16193,0.02558,0.42857,1.12647,True,False
sh.601628,中国人寿,main,971,1.00000,0,37.90000,-0.13575,0.02694,0.43056,1.12353,True,False
sh.601555,东吴证券,main,965,0.99382,0,10.61000,-0.33564,0.02165,0.41176,1.11765,True,False
sz.002352,顺丰控股,main,966,0.99485,0,66.23000,-0.44821,0.02748,0.43359,1.11176,True,False
sh.603799,华友钴业,main,971,1.00000,0,40.75000,-0.28393,0.04001,0.45798,1.11176,True,False
sh.600867,通化东宝,main,971,1.00000,0,14.04000,-0.37999,0.02248,0.41667,1.11176,True,False
sh.603156,养元饮品,main,971,1.00000,0,24.87000,0.06847,0.02517,0.42857,1.10882,True,False
sz.002142,宁波银行,main,965,0.99382,0,31.69000,-0.21414,0.02848,0.43871,1.10000,True,False
sz.002508,老板电器,main,971,1.00000,0,37.64000,-0.40843,0.03144,0.44444,1.10000,True,False
sz.002415,海康威视,main,971,1.00000,0,35.40000,-0.10495,0.02864,0.44079,1.08824,True,False
sh.603501,豪威集团,main,971,1.00000,0,214.00000,-0.35325,0.03606,0.45369,1.08824,True,False
sh.601881,中国银河,main,971,1.00000,0,13.66000,-0.21094,0.02345,0.42308,1.07647,True,False
sz.000963,华东医药,main,971,1.00000,0,28.53000,0.06364,0.03222,0.44828,1.07059,True,False
sz.002475,立讯精密,main,971,1.00000,0,57.38000,-0.31752,0.03539,0.45402,1.06471,True,False
sh.600741,华域汽车,main,971,1.00000,0,21.62000,-0.16443,0.02699,0.43478,1.06471,True,False
sh.688518,联赢激光,star,971,1.00000,0,25.65000,-0.40085,0.04611,0.47260,1.06471,True,False
sz.002422,科伦药业,main,970,0.99897,0,22.72000,0.38079,0.02670,0.43485,1.04118,True,False
sh.600887,伊利股份,main,971,1.00000,0,35.54000,-0.19998,0.02111,0.42282,1.03529,True,False
sh.688159,有方科技,star,971,1.00000,0,49.71000,-0.41479,0.04462,0.47319,1.03529,True,False
sh.688005,容百科技,star,971,1.00000,0,31.01000,-0.33274,0.04712,0.47727,1.02353,True,False
sz.002945,华林证券,main,971,1.00000,0,15.96000,-0.37034,0.02677,0.43750,1.02353,True,False
sz.000768,中航西飞,main,971,1.00000,0,23.49000,0.10045,0.03263,0.45238,1.01765,True,False
sh.603260,合盛硅业,main,971,1.00000,0,31.98000,0.48929,0.03933,0.46221,1.01176,True,False
sz.000728,国元证券,main,965,0.99382,0,10.59000,-0.26931,0.01923,0.41667,1.01176,True,False
sh.601211,国泰海通,main,971,1.00000,0,19.19000,-0.15630,0.01591,0.40000,1.00588,True,False
sh.688218,江苏北人,star,971,1.00000,0,27.74000,-0.43148,0.03569,0.45930,0.99412,True,False
sh.601788,光大证券,main,971,1.00000,0,26.11000,-0.38865,0.02530,0.43333,0.98824,True,False
sz.002179,中航光电,main,970,0.99897,0,46.07000,0.43275,0.03231,0.45324,0.98235,True,False
sz.000538,云南白药,main,971,1.00000,0,110.00000,-0.25401,0.02051,0.42735,0.98235,True,False
sz.300498,温氏股份,chinext,971,1.00000,0,23.53000,-0.11787,0.02803,0.44444,0.97059,True,False
sh.600061,国投资本,main,971,1.00000,0,15.71000,-0.40471,0.02054,0.42857,0.95882,True,False
sz.300059,东方财富,chinext,971,1.00000,0,27.53000,-0.32228,0.02836,0.44444,0.94706,True,False
sh.600438,通威股份,main,971,1.00000,0,24.70000,-0.08331,0.03541,0.46094,0.94706,True,False
sh.600999,招商证券,main,971,1.00000,0,22.05000,-0.27691,0.01848,0.42308,0.93529,True,False
sh.601108,财通证券,main,965,0.99382,0,14.50000,-0.47104,0.02051,0.42857,0.92941,True,False
sz.002673,西部证券,main,971,1.00000,0,10.36000,-0.38754,0.01914,0.42857,0.92353,True,False
sz.002601,龙佰集团,main,971,1.00000,0,24.92000,-0.20368,0.03049,0.45161,0.92353,True,False
sh.603986,兆易创新,main,971,1.00000,0,239.89000,-0.47864,0.03692,0.46500,0.92353,True,False
sh.600436,片仔癀,main,970,0.99897,0,196.91000,0.06658,0.02583,0.43920,0.92353,True,False
sh.600547,山东黄金,main,970,0.99897,0,40.15000,0.04166,0.02200,0.43107,0.92353,True,False
sz.002460,赣锋锂业,main,971,1.00000,0,61.48000,-0.35210,0.03809,0.47207,0.91765,True,False
sz.002241,歌尔股份,main,969,0.99794,0,35.59000,-0.17515,0.03717,0.46667,0.91176,True,False
sz.002736,国信证券,main,971,1.00000,0,13.65000,-0.32637,0.01762,0.42500,0.90588,True,False
sz.000333,美的集团,main,971,1.00000,0,70.19000,0.06850,0.02614,0.44177,0.90588,True,False
sz.002001,新和成,main,971,1.00000,0,30.82000,0.06780,0.02391,0.43590,0.90000,True,False
sh.600522,中天科技,main,966,0.99485,0,11.53000,0.39488,0.03403,0.46089,0.89412,True,False
sh.600893,航发动力,main,971,1.00000,0,34.41000,0.23912,0.03315,0.46154,0.86471,True,False
sh.601231,环旭电子,main,971,1.00000,0,21.35000,-0.25276,0.02965,0.45283,0.85882,True,False
sh.601877,正泰电器,main,971,1.00000,0,29.25000,-0.32929,0.02996,0.45361,0.84706,True,False
sh.600362,江西铜业,main,971,1.00000,0,15.93000,0.43046,0.02497,0.44186,0.84706,True,False
sh.601607,上海医药,main,969,0.99794,0,20.02000,-0.09606,0.01993,0.43243,0.84412,True,False
sh.600760,中航沈飞,main,971,1.00000,0,67.91000,0.36542,0.03180,0.45882,0.83529,True,False
sz.000338,潍柴动力,main,971,1.00000,0,16.84000,-0.13142,0.02571,0.44355,0.83529,True,False
sh.600299,安迪苏,main,971,1.00000,0,13.83000,-0.14777,0.02354,0.43939,0.82941,True,False
sh.600309,万华化学,main,971,1.00000,0,66.34000,0.28537,0.02723,0.44710,0.81765,True,False
sz.000938,紫光股份,main,970,0.99897,0,44.23000,-0.33224,0.03429,0.47530,0.79412,True,False
sz.002773,康弘药业,main,968,0.99691,0,49.60000,-0.40867,0.02752,0.44972,0.79412,True,False
sh.600332,白云山,main,971,1.00000,0,36.00000,-0.04026,0.01867,0.43284,0.78824,True,False
sh.600111,北方稀土,main,971,1.00000,0,13.03000,0.35415,0.03202,0.46296,0.78824,True,False
sh.601012,隆基绿能,main,971,1.00000,0,52.71000,-0.40680,0.03404,0.47368,0.78235,True,False
sz.000858,五粮液,main,971,1.00000,0,210.07000,-0.33966,0.02640,0.44767,0.76471,True,False
sz.000977,浪潮信息,main,969,0.99794,0,38.67000,0.19617,0.03279,0.47297,0.76471,True,False
sh.688090,瑞松科技,star,971,1.00000,0,62.00000,-0.28182,0.03494,0.48529,0.75882,True,False
sz.002468,申通快递,main,971,1.00000,0,16.49000,-0.49253,0.02736,0.45000,0.75882,True,False
sh.601878,浙商证券,main,971,1.00000,0,17.23000,-0.34640,0.02476,0.44444,0.75588,True,False
sz.002916,深南电路,main,970,0.99897,0,160.49000,-0.33825,0.03017,0.46026,0.73529,True,False
sh.600104,上汽集团,main,971,1.00000,0,18.59000,-0.14659,0.01869,0.43636,0.73529,True,False
sz.000001,平安银行,main,971,1.00000,0,14.01000,-0.20448,0.02357,0.44444,0.72353,True,False
sh.688566,吉贝尔,star,971,1.00000,0,43.34000,-0.48279,0.03185,0.47059,0.72353,True,False
sz.000895,双汇发展,main,971,1.00000,0,54.26000,-0.48336,0.02230,0.44361,0.71765,True,False
sh.600276,恒瑞医药,main,971,1.00000,0,99.37000,-0.49252,0.02643,0.45161,0.70588,True,False
sh.688128,中国电研,star,971,1.00000,0,23.20000,-0.26747,0.03295,0.48276,0.70294,True,False
sh.600038,中直股份,main,961,0.98970,0,55.27000,-0.23374,0.03026,0.46377,0.70000,True,False
sz.300628,亿联网络,chinext,971,1.00000,0,66.25000,-0.20089,0.03245,0.47778,0.68824,True,False
sh.600372,中航机载,main,953,0.98146,0,18.29000,-0.29561,0.02596,0.45000,0.67647,True,False
sh.600030,中信证券,main,965,0.99382,0,30.54000,-0.27644,0.01938,0.44286,0.66471,True,False
sz.300015,爱尔眼科,chinext,971,1.00000,0,46.08000,-0.49468,0.03187,0.47619,0.66471,True,False
sh.601698,中国卫通,main,971,1.00000,0,23.52000,-0.35549,0.02894,0.46250,0.66471,True,False
sz.300433,蓝思科技,chinext,971,1.00000,0,31.08000,-0.39994,0.03117,0.47368,0.65294,True,False
sh.601688,华泰证券,main,971,1.00000,0,21.83000,-0.36744,0.01885,0.44231,0.64706,True,False
sh.603019,中科曙光,main,971,1.00000,0,44.61000,-0.04313,0.03221,0.51765,0.63529,True,False
sh.601336,新华保险,main,971,1.00000,0,54.45000,-0.36615,0.02400,0.44915,0.62941,True,False
sh.600958,东方证券,main,965,0.99382,0,12.05000,-0.27172,0.02474,0.45000,0.62941,True,False
sh.601601,中国太保,main,971,1.00000,0,30.34000,0.10889,0.02633,0.45455,0.62353,True,False
sh.600036,招商银行,main,971,1.00000,0,35.60000,0.09536,0.02179,0.44604,0.62353,True,False
sh.600183,生益科技,main,971,1.00000,0,28.90000,-0.19221,0.02760,0.46000,0.62353,True,False
sz.002236,大华股份,main,971,1.00000,0,20.72000,-0.25148,0.03065,0.48276,0.58529,True,False
sz.002008,大族激光,main,971,1.00000,0,41.86000,-0.46995,0.02864,0.47154,0.58235,True,False
sh.600487,亨通光电,main,971,1.00000,0,16.66000,-0.09004,0.02814,0.46667,0.57647,True,False
sh.600352,浙江龙盛,main,971,1.00000,0,14.99000,-0.37829,0.01728,0.44444,0.56471,True,False
sh.600837,海通证券,main,971,1.00000,0,14.51000,-0.34810,0.01695,0.44444,0.55882,True,False
sz.002202,金风科技,main,971,1.00000,0,11.41000,-0.30222,0.02558,0.45714,0.54118,True,False
sz.000651,格力电器,main,971,1.00000,0,60.09000,-0.19939,0.02012,0.44898,0.52941,True,False
sh.601166,兴业银行,main,971,1.00000,0,15.99000,0.30443,0.01880,0.44681,0.51765,True,False
sh.600009,上海机场,main,958,0.98661,0,71.17000,-0.38890,0.02474,0.45510,0.51176,True,False
sh.600000,浦发银行,main,971,1.00000,0,10.84000,-0.06357,0.01316,0.44444,0.50588,True,False
sh.600004,白云机场,main,971,1.00000,0,14.59000,-0.35307,0.02641,0.46429,0.48824,True,False
sh.600977,中国电影,main,971,1.00000,0,14.57000,-0.28905,0.02437,0.45833,0.47059,True,False
sh.600109,国金证券,main,961,0.98970,0,14.85000,-0.48942,0.02244,0.45455,0.46471,True,False
sz.000063,中兴通讯,main,969,0.99794,0,39.72000,-0.36759,0.02765,0.47682,0.45882,True,False
sz.000776,广发证券,main,971,1.00000,0,15.91000,-0.14524,0.02133,0.45455,0.45294,True,False
sh.600118,中国卫星,main,971,1.00000,0,35.88000,-0.40536,0.02626,0.46667,0.44706,True,False
sh.600031,三一重工,main,971,1.00000,0,21.80000,-0.21046,0.02737,0.47541,0.44706,True,False
sh.688101,三达膜,star,971,1.00000,0,24.01000,-0.48873,0.02740,0.48387,0.40588,True,False
sh.600519,贵州茅台,main,971,1.00000,0,1676.00000,-0.06075,0.01999,0.45463,0.38824,True,False
sh.600196,复星医药,main,970,0.99897,0,47.60000,-0.49665,0.02627,0.47566,0.37647,True,False
sh.601198,东兴证券,main,971,1.00000,0,13.71000,-0.38816,0.02050,0.46000,0.32941,True,False
sh.601318,中国平安,main,971,1.00000,0,79.00000,-0.37821,0.01909,0.46032,0.27647,True,False
sh.600498,烽火通信,main,971,1.00000,0,28.99000,-0.48244,0.02441,0.50000,0.23529,True,False
sh.600637,东方明珠,main,971,1.00000,0,10.26000,-0.34803,0.01821,0.46667,0.17647,True,False
sh.600010,包钢股份,main,971,1.00000,0,1.20000,0.20286,0.02410,0.44444,,False,False
sh.600011,华能国际,main,971,1.00000,0,4.77000,0.83356,0.03499,0.43333,,False,False
sh.600015,华夏银行,main,971,1.00000,0,6.46000,0.23163,0.01304,0.40000,,False,False
sh.600016,民生银行,main,971,1.00000,0,5.61000,-0.17814,0.01143,0.50000,,False,False
sh.600018,上港集团,main,971,1.00000,0,4.52000,0.55647,0.01877,0.44444,,False,False
sh.600019,宝钢股份,main,971,1.00000,0,5.05000,0.69977,0.02459,0.44000,,False,False
sh.600025,华能水电,main,971,1.00000,0,3.85000,2.32779,0.02151,0.43750,,False,False
sh.600027,华电国际,main,967,0.99588,0,3.91000,0.92169,0.03310,0.41667,,False,False
sh.600028,中国石化,main,971,1.00000,0,4.03000,1.07265,0.01643,0.40625,,False,False
sh.600029,南方航空,main,971,1.00000,0,5.60000,0.02993,0.02599,0.44444,,False,False
sh.600050,中国联通,main,971,1.00000,0,5.24000,-0.00271,0.01733,0.42857,,False,False
sh.600066,宇通客车,main,970,0.99897,0,13.60000,0.98593,0.02981,0.45455,,False,False
sh.600068,葛洲坝,main,260,0.92527,0,6.91000,0.21772,0.01773,0.41944,,False,False
sh.600089,特变电工,main,971,1.00000,0,8.58000,1.25908,0.02669,0.46154,,False,False
sh.600115,中国东航,main,971,1.00000,0,4.59000,-0.13047,0.02277,0.42857,,False,False
sh.600170,上海建工,main,971,1.00000,0,3.20000,-0.20343,0.01563,0.47368,,False,False
sh.600177,雅戈尔,main,971,1.00000,0,6.76000,0.33498,0.01412,0.42857,,False,False
sh.600188,兖矿能源,main,970,0.99897,0,9.35000,3.75525,0.03674,0.42857,,False,False
sh.600208,衢州发展,main,971,1.00000,0,3.49000,-0.54131,0.01942,0.40000,,False,False
sh.600219,南山铝业,main,971,1.00000,0,2.45000,0.53612,0.02736,0.42857,,False,False
sh.600221,海航控股,main,957,0.98558,1,1.62000,-0.50973,0.02222,0.40000,,False,False
sh.600271,航天信息,main,971,1.00000,0,18.06000,-0.57089,0.02285,0.47059,,False,False
sh.600297,广汇汽车,main,963,0.99176,0,3.69000,-0.71420,0.02410,0.50000,,False,False
sh.600340,*ST华幸,main,951,0.97940,0,18.27000,-0.94876,0.03022,0.44444,,False,False
sh.600369,西南证券,main,971,1.00000,0,5.83000,-0.34439,0.02025,0.41667,,False,False
sh.600383,金地集团,main,971,1.00000,0,14.38000,-0.75927,0.03523,0.45714,,False,False
sh.600390,五矿资本,main,971,1.00000,0,7.97000,-0.42676,0.01949,0.44444,,False,False
sh.600398,海澜之家,main,971,1.00000,0,6.37000,0.39805,0.02560,0.40909,,False,False
sh.600406,国电南瑞,main,971,1.00000,0,22.24000,0.95917,0.02972,0.45455,,False,False
sh.600489,中金黄金,main,971,1.00000,0,11.00000,0.63586,0.02321,0.42105,,False,False
sh.600516,方大炭素,main,971,1.00000,0,6.91000,-0.36611,0.02414,0.45455,,False,False
sh.600570,恒生电子,main,971,1.00000,0,105.90000,-0.70189,0.03259,0.44134,,False,False
sh.600583,海油工程,main,971,1.00000,0,4.95000,0.14489,0.02419,0.41667,,False,False
sh.600585,海螺水泥,main,971,1.00000,0,61.05000,-0.51225,0.02140,0.46377,,False,False
sh.600588,用友网络,main,971,1.00000,0,46.82000,-0.79648,0.03545,0.48000,,False,False
sh.600606,绿地控股,main,969,0.99794,0,7.51000,-0.78246,0.02490,0.45455,,False,False
sh.600655,豫园股份,main,968,0.99691,0,10.52000,-0.57569,0.02123,0.44444,,False,False
sh.600660,福耀玻璃,main,971,1.00000,0,24.58000,1.09930,0.02600,0.45522,,False,False
sh.600674,川投能源,main,971,1.00000,0,9.42000,1.31624,0.02010,0.44828,,False,False
sh.600690,海尔智家,main,969,0.99794,0,17.61000,0.52334,0.02816,0.44444,,False,False
sh.600703,三安光电,main,971,1.00000,0,26.02000,-0.56102,0.03299,0.46774,,False,False
sh.600705,中航产融,main,971,1.00000,0,5.04000,-0.50866,0.01961,0.42857,,False,False
sh.600745,*ST闻泰,main,971,1.00000,0,142.39000,-0.79831,0.03459,0.45198,,False,False
sh.600795,国电电力,main,971,1.00000,0,2.02000,2.00762,0.02415,0.42857,,False,False
sh.600809,山西汾酒,main,971,1.00000,0,169.50000,0.62596,0.03365,0.42262,,False,False
sh.600848,上海临港,main,971,1.00000,0,23.06000,-0.50067,0.02013,0.42424,,False,False
sh.600886,国投电力,main,971,1.00000,0,8.63000,1.28543,0.02365,0.42105,,False,False
sh.600900,长江电力,main,960,0.98867,0,18.66000,0.87520,0.01635,0.43050,,False,False
sh.600919,江苏银行,main,965,0.99382,0,6.13000,0.67743,0.01887,0.43750,,False,False
sh.600926,杭州银行,main,971,1.00000,0,9.73000,0.47873,0.02524,0.42857,,False,False
sh.600928,西安银行,main,970,0.99897,0,5.78000,-0.43657,0.01532,0.42615,,False,False
sh.600968,海油发展,main,971,1.00000,0,2.52000,0.60379,0.02419,0.40000,,False,False
sh.600989,宝丰能源,main,971,1.00000,0,9.26000,0.84814,0.03104,0.43750,,False,False
sh.601006,大秦铁路,main,971,1.00000,0,6.55000,0.37334,0.01250,0.42857,,False,False
sh.601009,南京银行,main,971,1.00000,0,7.86000,0.53476,0.01979,0.43750,,False,False
sh.601018,宁波港,main,970,0.99897,0,4.10000,-0.15424,0.01589,0.44444,,False,False
sh.601066,中信建投,main,971,1.00000,0,47.75000,-0.58885,0.02414,0.43333,,False,False
sh.601077,渝农商行,main,971,1.00000,0,5.26000,0.25528,0.01299,0.42857,,False,False
sh.601088,中国神华,main,971,1.00000,0,15.76000,2.50630,0.02378,0.43836,,False,False
sh.601111,中国国航,main,971,1.00000,0,7.20000,-0.00275,0.02849,0.43478,,False,False
sh.601117,中国化学,main,971,1.00000,0,5.95000,0.34087,0.02985,0.42857,,False,False
sh.601138,工业富联,main,970,0.99897,0,14.98000,0.95870,0.02518,0.43875,,False,False
sh.601155,新城控股,main,970,0.99897,0,33.70000,-0.73761,0.03528,0.45200,,False,False
sh.601162,天风证券,main,971,1.00000,0,7.26000,-0.69564,0.01980,0.42857,,False,False
sh.601169,北京银行,main,971,1.00000,0,4.88000,0.45437,0.01119,0.42857,,False,False
sh.601186,中国铁建,main,971,1.00000,0,9.20000,0.02294,0.01783,0.48148,,False,False
sh.601212,白银有色,main,970,0.99897,0,3.22000,-0.26458,0.02273,0.40000,,False,False
sh.601216,君正集团,main,971,1.00000,0,4.42000,0.08387,0.02183,0.43750,,False,False
sh.601225,陕西煤业,main,971,1.00000,0,8.01000,3.10130,0.03114,0.41818,,False,False
sh.601229,上海银行,main,971,1.00000,0,8.32000,0.13577,0.01190,0.44444,,False,False
sh.601236,红塔证券,main,965,0.99382,0,22.42000,-0.66167,0.02336,0.44828,,False,False
sh.601238,广汽集团,main,971,1.00000,0,9.38000,-0.11819,0.02768,0.45000,,False,False
sh.601288,农业银行,main,971,1.00000,0,3.27000,0.84942,0.01042,0.50000,,False,False
sh.601298,青岛港,main,965,0.99382,0,6.75000,0.70010,0.01863,0.42857,,False,False
sh.601319,中国人保,main,971,1.00000,0,7.34000,-0.18359,0.01818,0.42857,,False,False
sh.601328,交通银行,main,971,1.00000,0,4.86000,1.00010,0.01109,0.45455,,False,False
sh.601360,三六零,main,970,0.99897,0,19.38000,-0.65374,0.02634,0.48749,,False,False
sh.601377,兴业证券,main,965,0.99382,0,8.49000,-0.32648,0.02256,0.43750,,False,False
sh.601390,中国中铁,main,971,1.00000,0,5.76000,0.24556,0.02206,0.44444,,False,False
sh.601398,工商银行,main,971,1.00000,0,5.03000,0.48705,0.01121,0.50000,,False,False
sh.601577,长沙银行,main,971,1.00000,0,8.93000,-0.01561,0.01921,0.42857,,False,False
sh.601600,中国铝业,main,971,1.00000,0,3.39000,1.08922,0.03186,0.44186,,False,False
sh.601618,中国中冶,main,971,1.00000,0,2.86000,0.14988,0.02326,0.42105,,False,False
sh.601633,长城汽车,main,971,1.00000,0,12.36000,1.21673,0.03871,0.43750,,False,False
sh.601658,邮储银行,main,971,1.00000,0,4.71000,0.26915,0.02020,0.44444,,False,False
sh.601668,中国建筑,main,971,1.00000,0,5.19000,0.26181,0.01887,0.45455,,False,False
sh.601669,中国电建,main,971,1.00000,0,4.45000,0.27563,0.02406,0.42857,,False,False
sh.601727,上海电气,main,970,0.99897,0,5.50000,-0.25280,0.02006,0.44444,,False,False
sh.601766,中国中车,main,971,1.00000,0,6.00000,0.45324,0.01735,0.44444,,False,False
sh.601800,中国交建,main,971,1.00000,0,8.20000,0.10595,0.02364,0.46154,,False,False
sh.601816,京沪高铁,main,971,1.00000,0,6.23000,-0.04179,0.01747,0.42857,,False,False
sh.601818,光大银行,main,971,1.00000,0,3.88000,0.01387,0.01320,0.50000,,False,False
sh.601828,美凯龙,main,963,0.99176,0,10.07000,-0.81734,0.02248,0.44444,,False,False
sh.601838,成都银行,main,971,1.00000,0,8.47000,1.09303,0.02542,0.43750,,False,False
sh.601857,中国石油,main,971,1.00000,0,4.54000,1.50676,0.01957,0.41667,,False,False
sh.601888,中国中免,main,971,1.00000,0,227.27000,-0.66337,0.03355,0.46842,,False,False
sh.601898,中煤能源,main,971,1.00000,0,4.22000,2.09011,0.03195,0.42857,,False,False
sh.601899,紫金矿业,main,970,0.99897,0,5.82000,1.73781,0.02958,0.43826,,False,False
sh.601901,方正证券,main,971,1.00000,0,8.84000,-0.17017,0.02187,0.42857,,False,False
sh.601916,浙商银行,main,965,0.99382,0,4.22000,-0.16421,0.01186,0.42857,,False,False
sh.601919,中远海控,main,970,0.99897,0,4.26000,4.45461,0.02909,0.45000,,False,False
sh.601933,永辉超市,main,971,1.00000,0,9.76000,-0.76722,0.02095,0.47619,,False,False
sh.601939,建设银行,main,971,1.00000,0,6.27000,0.50661,0.01342,0.43750,,False,False
sh.601985,中国核电,main,971,1.00000,0,4.42000,1.88787,0.02254,0.42857,,False,False
sh.601988,中国银行,main,971,1.00000,0,3.41000,0.76754,0.00993,0.50000,,False,False
sh.601989,中国重工,main,971,1.00000,0,5.18000,0.06721,0.01839,0.41667,,False,False
sh.601992,金隅集团,main,971,1.00000,0,3.25000,-0.55074,0.01810,0.46667,,False,False
sh.601997,贵阳银行,main,971,1.00000,0,7.89000,-0.20711,0.01336,0.44444,,False,False
sh.601998,中信银行,main,971,1.00000,0,5.25000,0.48403,0.01651,0.42857,,False,False
sh.603160,汇顶科技,main,971,1.00000,0,208.60000,-0.69321,0.02980,0.46154,,False,False
sh.603259,药明康德,main,971,1.00000,0,114.98000,-0.55081,0.03418,0.44637,,False,False
sh.603288,海天味业,main,971,1.00000,0,140.70000,-0.54552,0.02589,0.44677,,False,False
sh.603658,安图生物,main,970,0.99897,0,163.86000,-0.66760,0.03292,0.44482,,False,False
sh.603899,晨光股份,main,971,1.00000,0,63.89000,-0.50410,0.02981,0.44355,,False,False
sh.603993,洛阳钼业,main,971,1.00000,0,4.44000,0.79003,0.03148,0.44444,,False,False
sh.688001,华兴源创,star,971,1.00000,0,44.20000,-0.50399,0.03383,0.47368,,False,False
sh.688002,睿创微纳,star,971,1.00000,0,68.69000,-0.59722,0.04006,0.44805,,False,False
sh.688004,博汇科技,star,971,1.00000,0,83.27000,-0.83032,0.03582,0.49649,,False,False
sh.688006,杭可科技,star,971,1.00000,0,52.85000,-0.56153,0.04282,0.43333,,False,False
sh.688009,中国通号,star,971,1.00000,0,6.56000,0.01749,0.01613,0.44444,,False,False
sh.688010,福光股份,star,971,1.00000,0,43.34000,-0.61907,0.03128,0.48333,,False,False
sh.688011,新光光电,star,971,1.00000,0,43.95000,-0.69301,0.03443,0.45833,,False,False
sh.688015,交控科技,star,971,1.00000,0,45.00000,-0.58482,0.03056,0.48333,,False,False
sh.688016,心脉医疗,star,971,1.00000,0,306.62000,-0.50748,0.03985,0.42902,,False,False
sh.688020,方邦股份,star,971,1.00000,0,111.95000,-0.69851,0.04284,0.46218,,False,False
sh.688021,奥福科技,star,971,1.00000,0,65.73000,-0.87517,0.04612,0.43158,,False,False
sh.688022,ST瀚川,star,971,1.00000,0,41.05000,-0.58089,0.04389,0.45833,,False,False
sh.688023,安恒信息,star,971,1.00000,0,299.00000,-0.87657,0.04615,0.47009,,False,False
sh.688025,杰普特,star,971,1.00000,0,78.89000,-0.54803,0.04953,0.48205,,False,False
sh.688026,洁特生物,star,971,1.00000,0,84.34000,-0.81559,0.04078,0.45486,,False,False
sh.688028,沃尔德,star,962,0.99073,0,52.62000,-0.59596,0.03735,0.48496,,False,False
sh.688029,南微医学,star,969,0.99794,0,223.70000,-0.61002,0.04124,0.43102,,False,False
sh.688030,山石网科,star,971,1.00000,0,43.03000,-0.77311,0.03420,0.46067,,False,False
sh.688033,*ST天宜,star,971,1.00000,0,22.72000,-0.77456,0.04055,0.50000,,False,False
sh.688039,当虹科技,star,969,0.99794,0,93.30000,-0.78336,0.04684,0.48758,,False,False
sh.688051,佳华科技,star,971,1.00000,0,161.39000,-0.90172,0.04289,0.48319,,False,False
sh.688058,宝兰德,star,971,1.00000,0,144.70000,-0.74184,0.04191,0.46150,,False,False
sh.688066,*ST航图,star,971,1.00000,0,50.05000,-0.59968,0.04159,0.45370,,False,False
sh.688068,热景生物,star,969,0.99794,0,67.40000,-0.52174,0.03871,0.49505,,False,False
sh.688080,映翰通,star,971,1.00000,0,82.51000,-0.58114,0.04223,0.48107,,False,False
sh.688081,兴图新科,star,971,1.00000,0,48.88000,-0.73910,0.03602,0.45833,,False,False
sh.688085,三友医疗,star,967,0.99588,0,72.16000,-0.71632,0.03980,0.45846,,False,False
sh.688086,退市紫晶,star,678,0.94429,1,62.78000,-0.98078,0.03832,0.51834,,False,False
sh.688088,虹软科技,star,971,1.00000,0,68.55000,-0.64426,0.03956,0.45652,,False,False
sh.688089,ST嘉必优,star,971,1.00000,0,48.49000,-0.57116,0.04226,0.45545,,False,False
sh.688096,京源环保,star,971,1.00000,0,26.79000,-0.74373,0.02549,0.44000,,False,False
sh.688098,申联生物,star,971,1.00000,0,26.80000,-0.85308,0.02591,0.46667,,False,False
sh.688106,金宏气体,star,971,1.00000,0,42.16000,-0.55604,0.03545,0.45238,,False,False
sh.688108,赛诺医疗,star,971,1.00000,0,35.76000,-0.78681,0.04147,0.44828,,False,False
sh.688118,普元信息,star,971,1.00000,0,42.10000,-0.68492,0.03867,0.48387,,False,False
sh.688122,西部超导,star,971,1.00000,0,33.92000,0.53908,0.04258,0.43019,,False,False
sh.688126,沪硅产业,star,971,1.00000,0,43.21000,-0.67394,0.03465,0.44348,,False,False
sh.688158,优刻得,star,971,1.00000,0,65.10000,-0.85226,0.03916,0.45763,,False,False
sh.688166,博瑞医药,star,970,0.99897,0,63.73000,-0.58409,0.04042,0.42896,,False,False
sh.688168,安博通,star,971,1.00000,0,96.00000,-0.64630,0.03441,0.47222,,False,False
sh.688169,石头科技,star,971,1.00000,0,400.00000,0.57521,0.04437,0.43584,,False,False
sh.688177,百奥泰,star,971,1.00000,0,59.38000,-0.65992,0.03663,0.44444,,False,False
sh.688178,万德斯,star,961,0.98970,0,41.85000,-0.77714,0.02340,0.44681,,False,False
sh.688181,八亿时空,star,971,1.00000,0,75.80000,-0.69514,0.03066,0.49730,,False,False
sh.688186,广大特材,star,971,1.00000,0,44.82000,-0.77664,0.03961,0.46988,,False,False
sh.688188,柏楚电子,star,971,1.00000,0,177.06000,0.56453,0.04032,0.41383,,False,False
sh.688189,ST南新,star,961,0.98970,0,51.82000,-0.79248,0.03761,0.47348,,False,False
sh.688196,卓越新能,star,971,1.00000,0,46.67000,-0.52901,0.03543,0.48182,,False,False
sh.688199,久日新材,star,971,1.00000,0,67.57000,-0.71455,0.02652,0.46970,,False,False
sh.688202,美迪西,star,971,1.00000,0,146.51000,-0.60725,0.05247,0.46218,,False,False
sh.688208,道通科技,star,971,1.00000,0,53.55000,-0.52524,0.04631,0.45238,,False,False
sh.688222,成都先导,star,971,1.00000,0,51.60000,-0.79651,0.03970,0.43182,,False,False
sh.688228,开普云,star,971,1.00000,0,72.02000,-0.51927,0.03605,0.48980,,False,False
sh.688233,神工股份,star,970,0.99897,0,48.18000,-0.69900,0.04465,0.46816,,False,False
sh.688258,卓易信息,star,971,1.00000,0,95.11000,-0.69185,0.04592,0.49102,,False,False
sh.688266,泽璟制药,star,971,1.00000,0,106.99000,-0.51835,0.03931,0.46226,,False,False
sh.688288,鸿泉技术,star,971,1.00000,0,58.75000,-0.74910,0.04469,0.43529,,False,False
sh.688298,东方生物,star,971,1.00000,0,201.99000,-0.73510,0.04043,0.47383,,False,False
sh.688299,长阳科技,star,971,1.00000,0,28.43000,-0.59730,0.03450,0.44875,,False,False
sh.688300,联瑞新材,star,971,1.00000,0,64.80000,0.62293,0.04485,0.46739,,False,False
sh.688312,燕麦科技,star,971,1.00000,0,47.83000,-0.55436,0.03156,0.47368,,False,False
sh.688321,微芯生物,star,971,1.00000,0,66.60000,-0.74646,0.02907,0.46465,,False,False
sh.688333,铂力特,star,971,1.00000,0,70.03000,1.23663,0.04154,0.42326,,False,False
sh.688358,祥生医疗,star,971,1.00000,0,75.90000,-0.51974,0.03444,0.46000,,False,False
sh.688360,德马科技,star,961,0.98970,0,51.08000,-0.57509,0.02948,0.47500,,False,False
sh.688363,华熙生物,star,971,1.00000,0,139.66000,-0.57728,0.03660,0.44511,,False,False
sh.688365,光云科技,star,971,1.00000,0,50.64000,-0.89316,0.04141,0.50000,,False,False
sh.688369,致远互联,star,971,1.00000,0,75.03000,-0.70681,0.04117,0.43966,,False,False
sh.688388,嘉元科技,star,971,1.00000,0,52.86000,-0.75608,0.04299,0.45798,,False,False
sh.688389,普门科技,star,971,1.00000,0,36.06000,-0.53808,0.04016,0.43019,,False,False
sh.688399,硕世生物,star,971,1.00000,0,385.02000,-0.79869,0.03379,0.45714,,False,False
sh.688466,金科环境,star,971,1.00000,0,41.27000,-0.68270,0.03081,0.49485,,False,False
sh.688505,复旦张江,star,971,1.00000,0,33.45000,-0.80238,0.02667,0.45714,,False,False
sh.688516,奥特维,star,971,1.00000,0,57.00000,1.01459,0.04942,0.46429,,False,False
sh.688520,神州细胞,star,971,1.00000,0,80.21000,-0.52581,0.03721,0.45593,,False,False
sh.688555,退市泽达,star,677,0.94290,1,64.74000,-0.97354,0.03398,0.50000,,False,False
sh.688588,凌志软件,star,971,1.00000,0,41.51000,-0.84167,0.03429,0.50000,,False,False
sh.688598,金博股份,star,971,1.00000,0,96.13000,-0.61001,0.04800,0.46296,,False,False
sz.000002,万科A,main,971,1.00000,0,27.52000,-0.69919,0.02622,0.43860,,False,False
sz.000066,中国长城,main,971,1.00000,0,17.22000,-0.50814,0.03376,0.45455,,False,False
sz.000069,华侨城A,main,971,1.00000,0,7.42000,-0.72139,0.02774,0.44444,,False,False
sz.000100,TCL科技,main,970,0.99897,0,6.72000,-0.35301,0.02696,0.46667,,False,False
sz.000157,中联重科,main,971,1.00000,0,8.69000,-0.06361,0.02366,0.48148,,False,False
sz.000166,申万宏源,main,971,1.00000,0,5.78000,-0.20299,0.01711,0.41667,,False,False
sz.000425,徐工机械,main,948,0.97631,0,6.68000,0.06284,0.02510,0.44444,,False,False
sz.000625,长安汽车,main,969,0.99794,0,11.48000,1.11660,0.03863,0.47059,,False,False
sz.000627,*ST天茂,main,971,1.00000,0,5.87000,-0.69793,0.02462,0.40000,,False,False
sz.000656,金科股份,main,952,0.98043,1,9.30000,-0.87222,0.03846,0.45308,,False,False
sz.000661,长春高新,main,969,0.99794,0,479.90000,-0.75778,0.03151,0.46667,,False,False
sz.000671,ST阳光城,main,673,0.90214,1,7.06000,-0.79401,0.02970,0.41379,,False,False
sz.000709,河钢股份,main,971,1.00000,0,2.28000,-0.08525,0.02008,0.42857,,False,False
sz.000723,美锦能源,main,970,0.99897,0,6.47000,-0.36638,0.03184,0.46667,,False,False
sz.000725,京东方A,main,971,1.00000,0,4.78000,-0.13300,0.02113,0.50000,,False,False
sz.000783,长江证券,main,970,0.99897,0,8.93000,-0.43751,0.01837,0.41667,,False,False
sz.000860,顺鑫农业,main,970,0.99897,0,67.00000,-0.77899,0.03526,0.45729,,False,False
sz.000876,新希望,main,971,1.00000,0,31.71000,-0.71037,0.02727,0.43478,,False,False
sz.000961,ST中南,main,909,0.94393,1,10.13000,-0.90885,0.03401,0.44444,,False,False
sz.002007,华兰生物,main,971,1.00000,0,57.90000,-0.68837,0.02765,0.44737,,False,False
sz.002024,ST易购,main,949,0.97734,1,10.99000,-0.89029,0.02116,0.42857,,False,False
sz.002027,分众传媒,main,971,1.00000,0,6.32000,0.09650,0.03226,0.44444,,False,False
sz.002044,美年健康,main,971,1.00000,0,15.77000,-0.78592,0.03163,0.43564,,False,False
sz.002120,韵达股份,main,971,1.00000,0,24.92000,-0.71528,0.03228,0.45714,,False,False
sz.002129,TCL中环,main,971,1.00000,0,25.95000,-0.56334,0.03636,0.43925,,False,False
sz.002146,荣盛发展,main,957,0.98558,0,8.45000,-0.85928,0.02881,0.50000,,False,False
sz.002153,石基信息,main,967,0.99588,0,37.72000,-0.76569,0.03757,0.48000,,False,False
sz.002157,正邦科技,main,954,0.98249,1,19.09000,-0.78995,0.03342,0.44444,,False,False
sz.002252,上海莱士,main,971,1.00000,0,9.90000,-0.19686,0.02041,0.43750,,False,False
sz.002271,东方雨虹,main,971,1.00000,0,56.00000,-0.64309,0.03634,0.44792,,False,False
sz.002371,北方华创,main,971,1.00000,0,191.85000,0.80355,0.04056,0.43465,,False,False
sz.002410,广联达,main,971,1.00000,0,74.70000,-0.80102,0.03487,0.46988,,False,False
sz.002456,欧菲光,main,966,0.99485,0,19.38000,-0.68643,0.02937,0.47580,,False,False
sz.002463,沪电股份,main,971,1.00000,0,24.11000,0.64697,0.03756,0.45872,,False,False
sz.002555,三七互娱,main,969,0.99794,0,46.20000,-0.69964,0.03931,0.45455,,False,False
sz.002558,巨人网络,main,971,1.00000,0,21.36000,-0.58338,0.03075,0.45833,,False,False
sz.002594,比亚迪,main,971,1.00000,0,88.99000,1.92153,0.03198,0.43790,,False,False
sz.002602,世纪华通,main,971,1.00000,0,11.49000,-0.74550,0.03323,0.46154,,False,False
sz.002607,中公教育,main,970,0.99897,0,33.84000,-0.95034,0.04016,0.46077,,False,False
sz.002624,完美世界,main,971,1.00000,0,41.96000,-0.79536,0.03626,0.46000,,False,False
sz.002841,视源股份,main,971,1.00000,0,105.80000,-0.71635,0.03049,0.43103,,False,False
sz.002939,长城证券,main,970,0.99897,0,14.58000,-0.57412,0.02210,0.42857,,False,False
sz.002958,青农商行,main,971,1.00000,0,6.04000,-0.52706,0.01504,0.40000,,False,False
sz.003816,中国广核,main,971,1.00000,0,3.11000,0.77351,0.01761,0.42857,,False,False
sz.300003,乐普医疗,chinext,971,1.00000,0,45.20000,-0.69382,0.02691,0.43373,,False,False
sz.300122,智飞生物,chinext,971,1.00000,0,159.00000,-0.72655,0.03892,0.43673,,False,False
sz.300136,信维通信,chinext,971,1.00000,0,53.21000,-0.63345,0.03263,0.47009,,False,False
sz.300142,沃森生物,chinext,971,1.00000,0,69.98000,-0.82671,0.03648,0.45902,,False,False
sz.300144,宋城演艺,chinext,971,1.00000,0,19.90000,-0.61747,0.03125,0.44262,,False,False
sz.300347,泰格医药,chinext,971,1.00000,0,115.60000,-0.51661,0.04238,0.43585,,False,False
sz.300413,芒果超媒,chinext,971,1.00000,0,69.50000,-0.71950,0.03900,0.48333,,False,False
sz.300601,康泰生物,chinext,971,1.00000,0,219.25000,-0.87887,0.03605,0.47458,,False,False
