label,filter,th,symmetric,action,sides,is_net,is_trips,is_dao,oos_net,oos_trips,oos_dao,eligible,is_rank,oos_rank
无过滤(基线),none,,,,,-5925.9,268,157,-6526.5,182,110,,,
只做正T(对照),,,,,zheng,-2025.6,111,0,637.4,77,0,,,
只做倒T(对照),,,,,dao,-4043.3,158,158,-6751.6,111,111,,,
day_ret≥3,day_ret,3.0,False,,,-2473.5,147,36,1396.2,95,18,True,6.0,1.0
day_ret≥3 对称,day_ret,3.0,True,,,-993.4,68,36,641.3,46,19,False,1.0,2.0
day_ret≥6,day_ret,6.0,False,,,-2731.8,175,64,-333.4,124,47,True,9.0,7.0
day_ret≥6 对称,day_ret,6.0,True,,,-1765.8,119,64,-920.6,95,48,False,4.0,13.0
day_ret≥9,day_ret,9.0,False,,,-3940.2,222,111,-2156.8,156,80,True,17.0,21.0
day_ret≥9 对称,day_ret,9.0,True,,,-3517.5,201,111,-1628.2,141,81,True,14.0,17.0
vwap_frac≥0.6,vwap_frac,0.6,False,,,-4747.5,170,59,227.1,118,44,True,24.0,4.0
vwap_frac≥0.6 对称,vwap_frac,0.6,True,,,-3521.1,97,59,-201.7,62,44,False,15.0,5.0
vwap_frac≥0.75,vwap_frac,0.75,False,,,-4616.3,199,88,-660.5,133,59,True,23.0,12.0
vwap_frac≥0.75 对称,vwap_frac,0.75,True,,,-3870.5,138,88,-1547.5,92,59,True,16.0,16.0
vwap_frac≥0.9,vwap_frac,0.9,False,,,-5996.4,241,130,-3081.2,159,86,True,33.0,23.0
vwap_frac≥0.9 对称,vwap_frac,0.9,True,,,-5597.7,206,130,-2752.2,134,86,True,30.0,22.0
vwap_slope≥0.5,vwap_slope,0.5,False,,,-2422.3,155,44,-1870.8,114,38,True,5.0,19.0
vwap_slope≥0.5 对称,vwap_slope,0.5,True,,,-2528.8,99,45,-3946.7,82,39,False,8.0,27.0
vwap_slope≥1,vwap_slope,1.0,False,,,-3497.3,205,94,-478.0,153,78,True,13.0,9.0
vwap_slope≥1 对称,vwap_slope,1.0,True,,,-4008.6,178,94,-1961.7,141,78,True,19.0,20.0
vwap_slope≥2,vwap_slope,2.0,False,,,-4984.6,251,140,-6125.7,173,100,True,26.0,31.0
vwap_slope≥2 对称,vwap_slope,2.0,True,,,-5951.2,239,140,-6841.8,170,100,True,32.0,36.0
orb≥3,orb,3.0,False,,,-2781.0,127,16,333.4,86,11,False,10.0,3.0
orb≥3 对称,orb,3.0,True,,,-1077.2,34,16,-544.8,23,11,False,2.0,11.0
orb≥6,orb,6.0,False,,,-4133.6,145,34,-489.5,97,23,True,21.0,10.0
orb≥6 对称,orb,6.0,True,,,-2523.4,61,34,-431.6,39,23,False,7.0,8.0
orb≥12,orb,12.0,False,,,-3149.0,164,53,-1780.5,109,37,True,12.0,18.0
orb≥12 对称,orb,12.0,True,,,-1653.2,97,53,-269.2,57,37,False,3.0,6.0
gap≥2,gap,2.0,False,,,-5457.9,247,136,-5148.1,164,89,True,29.0,29.0
gap≥2 对称,gap,2.0,True,,,-5148.8,235,136,-5368.3,153,89,True,28.0,30.0
gap≥4,gap,4.0,False,,,-6374.1,261,150,-6207.5,174,100,True,35.0,32.0
gap≥4 对称,gap,4.0,True,,,-6428.2,256,150,-6575.8,170,100,True,36.0,34.0
gap≥8,gap,8.0,False,,,-6023.1,266,155,-6444.1,180,108,True,34.0,33.0
gap≥8 对称,gap,8.0,True,,,-5918.8,265,155,-6704.6,178,108,True,31.0,35.0
daily_trend≥5,daily_trend,5.0,False,,,-4907.4,201,90,-3226.1,125,49,True,25.0,25.0
daily_trend≥5 对称,daily_trend,5.0,True,,,-4083.7,151,91,-4676.3,89,49,True,20.0,28.0
daily_trend≥20,daily_trend,20.0,False,,,-4002.7,201,90,-3608.9,127,51,True,18.0,26.0
daily_trend≥20 对称,daily_trend,20.0,True,,,-3067.1,157,91,-3174.1,93,51,True,11.0,24.0
daily_trend≥60,daily_trend,60.0,False,,,-5031.0,221,110,-955.5,121,44,True,27.0,14.0
daily_trend≥60 对称,daily_trend,60.0,True,,,-4143.3,161,111,-1415.4,88,44,True,22.0,15.0
vwap_slope≥0.5 翻转,vwap_slope,0.5,False,flip,,-3434.2,259,28,-842.5,181,15,,,
