股票,时段,事件,次数,至尾盘顺势均值(bp),t值,先回到VWAP,先触止损
中芯国际 sh.688981,样本内,上轨,172,6.3,0.41,27%,51%
中芯国际 sh.688981,样本内,下轨,122,1.1,0.07,18%,48%
中芯国际 sh.688981,样本外,上轨,111,8.7,0.32,23%,56%
中芯国际 sh.688981,样本外,下轨,74,-17.5,-0.68,22%,39%
晶晨股份 sh.688099,样本内,上轨,135,-26.9,-1.29,24%,45%
晶晨股份 sh.688099,样本内,下轨,69,-13.9,-0.44,20%,43%
晶晨股份 sh.688099,样本外,上轨,94,-13.4,-0.56,22%,49%
晶晨股份 sh.688099,样本外,下轨,55,-24.0,-0.75,25%,36%
同花顺 sz.300033,样本内,上轨,198,-1.7,-0.1,26%,53%
同花顺 sz.300033,样本内,下轨,112,5.7,0.33,18%,48%
同花顺 sz.300033,样本外,上轨,113,62.4,1.77,22%,58%
同花顺 sz.300033,样本外,下轨,58,1.5,0.05,16%,48%
今世缘 sh.603369,样本内,上轨,155,-30.9,-2.18,24%,52%
今世缘 sh.603369,样本内,下轨,94,-19.4,-1.33,15%,43%
今世缘 sh.603369,样本外,上轨,106,-4.6,-0.29,21%,56%
今世缘 sh.603369,样本外,下轨,65,8.9,0.56,17%,51%
古井贡酒 sz.000596,样本内,上轨,150,-25.2,-1.66,28%,45%
古井贡酒 sz.000596,样本内,下轨,90,-24.0,-1.54,19%,42%
古井贡酒 sz.000596,样本外,上轨,123,-15.2,-0.91,24%,58%
古井贡酒 sz.000596,样本外,下轨,72,11.1,0.82,17%,53%
