code,name,variant,period,net,trips,bench,fees,gross,ci
sh.688981,中芯国际,基线,样本内,-5925.9,268,-12116.0,5209.9,-716.0,"[-9,780, -1,931]"
sh.688981,中芯国际,基线,样本外,-6526.5,182,28280.0,3950.5,-2576.0,"[-14,150, 1,298]"
sh.688981,中芯国际,过滤: vwap_slope≥0.5,样本内,-2422.3,155,-12116.0,2994.3,572.0,"[-5,186, 509]"
sh.688981,中芯国际,过滤: vwap_slope≥0.5,样本外,-1870.8,114,28280.0,2484.8,614.0,"[-7,778, 3,868]"
sh.688981,中芯国际,只做正T(对照),样本内,-2025.6,111,-12116.0,2131.6,106.0,"[-4,217, 464]"
sh.688981,中芯国际,只做正T(对照),样本外,637.4,77,28280.0,1640.6,2278.0,"[-3,314, 4,418]"
sh.688099,晶晨股份,基线,样本内,-133.7,204,4686.8,7025.8,6892.1,"[-10,819, 10,742]"
sh.688099,晶晨股份,基线,样本外,-78.0,152,14320.0,3648.1,3570.1,"[-9,476, 10,144]"
sh.688099,晶晨股份,过滤: vwap_slope≥0.5,样本内,-909.3,110,4686.8,3588.3,2679.0,"[-7,600, 5,769]"
sh.688099,晶晨股份,过滤: vwap_slope≥0.5,样本外,-3581.3,88,14320.0,2109.3,-1472.0,"[-9,839, 2,942]"
sh.688099,晶晨股份,只做正T(对照),样本内,-307.1,71,4686.8,2298.0,1990.9,"[-5,579, 5,121]"
sh.688099,晶晨股份,只做正T(对照),样本外,-340.8,58,14320.0,1358.8,1018.0,"[-5,627, 5,791]"
sz.300033,同花顺,基线,样本内,-8103.9,311,-9618.0,6633.9,-1470.0,"[-15,418, -417]"
sz.300033,同花顺,基线,样本外,-13626.7,167,40590.0,4588.7,-9038.0,"[-24,385, -3,530]"
sz.300033,同花顺,过滤: vwap_slope≥0.5,样本内,-2755.8,168,-9618.0,3623.8,868.0,"[-8,988, 3,761]"
sz.300033,同花顺,过滤: vwap_slope≥0.5,样本外,-2562.2,100,40590.0,2695.2,133.0,"[-10,064, 5,372]"
sz.300033,同花顺,只做正T(对照),样本内,-1327.4,115,-9618.0,2423.4,1096.0,"[-5,725, 3,438]"
sz.300033,同花顺,只做正T(对照),样本外,-1542.5,59,40590.0,1568.5,26.0,"[-6,961, 4,658]"
sh.603369,今世缘,基线,样本内,-7153.2,250,3624.0,7485.2,332.0,"[-14,881, 654]"
sh.603369,今世缘,基线,样本外,-4749.7,168,-13784.0,3009.7,-1740.0,"[-8,970, -380]"
sh.603369,今世缘,过滤: vwap_slope≥0.5,样本内,-2626.7,145,3624.0,4250.7,1624.0,"[-7,848, 2,368]"
sh.603369,今世缘,过滤: vwap_slope≥0.5,样本外,-2128.3,102,-13784.0,1816.3,-312.0,"[-5,087, 756]"
sh.603369,今世缘,只做正T(对照),样本内,-1977.5,94,3624.0,2761.5,784.0,"[-6,332, 2,264]"
sh.603369,今世缘,只做正T(对照),样本外,-1997.9,63,-13784.0,1129.9,-868.0,"[-4,195, 271]"
sz.000596,古井贡酒,基线,样本内,-3249.2,238,1058.0,8045.2,4796.0,"[-12,437, 5,977]"
sz.000596,古井贡酒,基线,样本外,-6235.8,191,-17386.0,3312.8,-2923.0,"[-10,890, -1,561]"
sz.000596,古井贡酒,过滤: vwap_slope≥0.5,样本内,-582.8,136,1058.0,4535.8,3953.0,"[-7,414, 5,929]"
sz.000596,古井贡酒,过滤: vwap_slope≥0.5,样本外,-6061.9,114,-17386.0,1971.9,-4090.0,"[-8,954, -3,507]"
sz.000596,古井贡酒,只做正T(对照),样本内,-2515.3,90,1058.0,2921.3,406.0,"[-8,004, 3,000]"
sz.000596,古井贡酒,只做正T(对照),样本外,-2866.1,74,-17386.0,1286.1,-1580.0,"[-5,261, -608]"
