sample,k,s,net,trips,win,stops,mdd
IS,2.0,1.5,-12838.8,569,45.2,260,-12849.8
OOS,2.0,1.5,-17529.1,486,44.4,230,-22114.8
IS,2.0,2.5,-13519.4,588,51.7,184,-13519.4
OOS,2.0,2.5,-13341.5,501,51.5,164,-21153.1
IS,2.0,3.5,-13185.1,594,53.4,125,-13185.1
OOS,2.0,3.5,-13980.8,510,53.7,119,-22412.9
IS,3.0,1.5,-11918.5,511,38.4,255,-12949.0
OOS,3.0,1.5,-6063.3,334,38.9,168,-14816.2
IS,3.0,2.5,-11495.0,518,43.6,182,-12451.5
OOS,3.0,2.5,-9569.4,336,44.3,116,-17928.6
IS,3.0,3.5,-11721.0,518,45.4,127,-12399.5
OOS,3.0,3.5,-6932.5,339,49.0,83,-14237.7
IS,4.0,1.5,-5143.5,287,36.2,142,-5873.9
OOS,4.0,1.5,-6526.5,182,40.7,91,-7447.4
IS,4.0,2.5,-5256.2,289,41.2,113,-5986.7
OOS,4.0,2.5,-8110.0,185,46.5,63,-8750.7
IS,4.0,3.5,-5226.3,289,43.3,80,-6061.3
OOS,4.0,3.5,-9296.3,185,47.6,47,-9937.0
